"st","datayear","cl.blk","ent.blk","cl.white","ent.white","cl.nat.am","ent.nat.am","cl.latino","ent.latino","cl.asian","ent.asian","cl.unk","ent.unk","cl.haw.pi","ent.haw.pi","cl","ent"
"AK",2014,248,79,816,284,1753,626,75,36,41,12,126,98,50,27,3109,1162
"AL",2014,3067,1145,4079,1911,19,5,350,142,29,10,27,22,20,8,7591,3243
"AR",2014,1947,822,4663,2421,116,47,375,193,40,19,26,21,44,19,7211,3542
"AZ",2014,3720,1698,9481,4431,1975,809,9448,4285,161,92,1371,836,97,58,26253,12209
"CA",2014,21138,7423,18257,7208,2658,938,41929,16822,2284,909,303,209,518,187,87087,33696
"CO",2014,1781,752,4537,1997,220,121,3559,1728,130,53,51,20,31,15,10309,4686
"CT",2014,1985,618,1802,620,28,9,1604,593,34,10,70,41,11,0,5534,1891
"DC",2014,1463,346,3,2,NA,NA,50,22,5,4,10,8,NA,NA,1531,382
"DE",2014,553,169,348,119,NA,NA,74,25,5,1,NA,NA,NA,NA,980,314
"FL",2014,12991,6304,15102,6958,132,54,4716,2330,159,81,109,63,36,14,33245,15804
"GA",2014,7314,3704,6576,3255,41,14,981,480,71,46,21,17,7,3,15011,7519
"HI",2014,157,78,309,186,93,42,29,17,858,403,55,41,639,309,2140,1076
"IA",2014,1639,616,6420,2484,296,122,909,359,95,35,614,269,59,23,10032,3908
"ID",2014,85,35,1717,796,207,80,389,198,2,0,33,27,2,2,2435,1138
"IL",2014,11537,2468,8771,2213,37,9,1425,380,70,18,228,78,7,0,22075,5166
"IN",2014,6326,2494,13239,5816,102,28,1444,696,75,39,29,13,43,21,21258,9107
"KS",2014,1872,612,6739,2667,267,102,1155,445,52,9,2,1,8,8,10095,3844
"KY",2014,2294,1058,9301,4218,19,11,622,266,23,9,352,193,20,11,12631,5766
"LA",2014,3756,1954,3812,1913,33,11,157,93,12,7,130,97,10,5,7910,4080
"MA",2014,3438,1572,6818,2899,217,69,3429,1560,224,105,850,470,23,12,14999,6687
"MD",2014,3964,1258,1892,609,5,2,283,84,37,17,244,126,4,1,6429,2097
"ME",2014,173,53,1664,573,71,26,416,122,18,4,300,135,10,3,2652,916
"MI",2014,9026,3069,9887,3606,544,190,1135,478,109,44,199,177,38,17,20938,7581
"MN",2014,2952,1646,4658,2520,2898,1425,654,364,269,157,117,91,16,9,11564,6212
"MO",2014,3758,1289,12760,5228,91,46,565,244,38,15,526,286,22,13,17760,7121
"MS",2014,3156,1339,3280,1544,19,10,185,86,22,11,99,63,5,1,6766,3054
"MT",2014,152,61,1793,753,1467,527,154,47,7,1,24,3,5,0,3602,1392
"NC",2014,5723,2201,6933,2861,507,245,973,399,77,45,95,37,38,11,14346,5799
"ND",2014,151,94,1098,466,758,341,84,45,13,6,60,38,14,9,2178,999
"NE",2014,1460,418,3444,1181,802,268,882,348,41,13,183,88,12,1,6824,2317
"NH",2014,115,31,1119,367,17,3,123,39,12,4,70,32,4,2,1460,478
"NJ",2014,5638,2227,3503,1547,24,15,2061,916,97,57,514,286,10,8,11847,5056
"NM",2014,301,138,1022,539,523,280,2270,1116,11,6,42,39,5,2,4174,2120
"NV",2014,2458,1075,3137,1292,201,76,1746,807,132,44,19,16,100,33,7793,3343
"NY",2014,11060,2781,6834,2570,143,59,3759,740,193,79,10282,3460,5,2,32276,9691
"OH",2014,8558,3914,12085,5403,126,61,819,373,75,41,173,120,23,12,21859,9924
"OK",2014,3582,1075,6222,2316,4709,1752,1566,632,96,32,NA,NA,177,60,16352,5867
"OR",2014,1007,253,7160,2408,1281,351,1607,468,115,29,105,74,75,10,11350,3593
"PA",2014,11256,4897,10131,4675,74,28,2401,1142,108,52,282,135,43,19,24295,10948
"PR",2014,646,67,31,5,9,2,3495,673,3,0,49,13,7,0,4240,760
"RI",2014,825,370,1319,535,49,17,638,299,36,15,60,35,1,1,2928,1272
"SC",2014,2820,1430,3234,1701,17,10,333,180,16,8,89,74,11,4,6520,3407
"SD",2014,169,59,642,265,1283,581,70,39,13,4,8,8,2,0,2187,956
"TN",2014,3595,1349,8876,3666,41,14,707,272,32,20,23,21,22,10,13296,5352
"TX",2014,12555,4193,14426,5817,316,115,18665,6886,221,79,546,242,48,25,46777,17357
"UT",2014,297,110,3390,1653,213,76,1028,501,45,20,18,11,40,22,5031,2393
"VA",2014,2973,1220,3633,1472,23,6,567,238,69,30,100,61,28,13,7393,3040
"VT",2014,52,23,1604,730,2,1,11,4,11,0,41,30,NA,NA,1721,788
"WA",2014,2619,979,8541,3157,1970,665,2361,912,313,145,112,96,238,116,16154,6070
"WI",2014,3976,1525,5021,2301,739,333,1037,430,124,57,238,164,24,9,11159,4819
"WV",2014,887,402,6983,3315,12,3,90,35,14,3,75,63,8,4,8069,3825
"WY",2014,86,41,1435,740,56,32,290,157,1,1,10,7,1,1,1879,979
"AK",2013,227,98,727,254,1648,559,70,23,39,18,97,54,34,12,2842,1018
"AL",2013,3075,1215,3839,1608,31,10,356,138,15,7,116,90,11,9,7443,3077
"AR",2013,2080,1014,4736,2478,106,42,371,207,45,20,19,10,54,27,7411,3798
"AZ",2013,3404,1512,8781,3889,1683,752,8651,3821,154,72,1084,699,97,45,23854,10790
"CA",2013,20908,7323,18537,7326,2675,960,40238,16564,2274,915,463,309,534,203,85629,33600
"CO",2013,1806,795,4780,2211,219,92,3528,1646,135,40,43,24,31,12,10542,4820
"CT",2013,2178,612,1929,619,21,5,1583,512,35,7,42,31,15,6,5803,1792
"DC",2013,1813,353,8,1,NA,NA,57,13,1,0,58,33,1,0,1938,400
"DE",2013,651,187,426,160,NA,NA,77,32,6,0,NA,NA,NA,NA,1160,379
"FL",2013,12536,5389,15792,6673,170,76,4450,1993,120,53,157,88,45,18,33270,14290
"GA",2013,6678,2842,5857,2682,33,11,880,415,51,36,15,11,12,8,13526,6005
"HI",2013,153,92,263,161,101,58,32,19,839,397,29,25,648,270,2065,1022
"IA",2013,1776,681,6867,2920,308,129,914,387,104,39,530,315,71,29,10570,4500
"ID",2013,68,18,1792,900,214,109,344,184,4,1,15,14,NA,NA,2437,1226
"IL",2013,11090,2200,9088,2345,23,1,1291,349,65,17,406,140,6,0,21969,5052
"IN",2013,5792,2115,11574,5178,104,52,1212,498,73,25,49,12,37,13,18841,7893
"KS",2013,1948,647,6490,2720,233,81,1088,470,73,40,6,4,7,1,9845,3963
"KY",2013,2085,907,9011,4061,22,9,590,299,28,20,425,239,12,5,12173,5540
"LA",2013,3496,1676,3626,1663,34,23,119,57,8,6,84,43,17,7,7384,3475
"MA",2013,3036,1140,6378,2501,197,48,3174,1352,231,82,618,294,17,8,13651,5425
"MD",2013,4437,1350,2055,701,6,3,301,106,31,15,226,124,5,3,7061,2302
"ME",2013,158,57,1521,586,80,21,399,166,18,5,267,126,10,1,2453,962
"MI",2013,9961,3144,10504,3889,554,209,1037,408,97,45,52,14,56,7,22261,7716
"MN",2013,3047,1742,4548,2510,2425,1138,704,420,314,190,65,50,11,9,11114,6059
"MO",2013,3670,1363,11552,4595,74,33,513,232,35,13,331,158,16,7,16191,6401
"MS",2013,2987,1128,2849,1256,11,5,176,63,22,8,68,45,6,4,6119,2509
"MT",2013,125,60,1741,764,1322,524,152,60,6,4,38,20,13,2,3397,1434
"NC",2013,5387,2066,6506,2601,455,191,872,347,56,25,90,53,35,17,13401,5300
"ND",2013,120,67,1071,505,673,298,76,37,11,8,54,34,7,2,2012,951
"NE",2013,1626,471,4077,1441,856,310,911,335,45,13,210,114,19,4,7744,2688
"NH",2013,99,45,960,462,18,7,96,41,11,5,94,39,4,1,1282,600
"NJ",2013,5668,2374,3409,1591,14,6,2150,960,86,48,707,377,9,5,12043,5361
"NM",2013,249,122,945,464,463,231,2056,1015,7,5,22,20,4,1,3746,1858
"NV",2013,2531,1008,3286,1398,179,73,1732,764,172,76,11,8,117,54,8028,3381
"NY",2013,12436,2474,6850,2390,168,43,4509,766,176,35,9384,3636,3,1,33526,9345
"OH",2013,8430,3681,11741,5546,105,44,778,362,68,39,296,200,17,3,21435,9875
"OK",2013,3537,1316,5837,2409,4062,1634,1395,570,98,53,4,4,164,65,15097,6051
"OR",2013,1117,265,7138,2231,1444,326,1736,599,128,39,580,311,83,26,12226,3797
"PA",2013,10560,4379,9755,4212,66,38,2136,939,109,52,278,140,33,10,22937,9770
"PR",2013,690,220,36,16,5,0,4053,1089,7,4,42,15,1,0,4834,1344
"RI",2013,742,317,1408,607,43,13,609,269,42,11,57,37,1,0,2902,1254
"SC",2013,2670,1217,2944,1516,10,6,293,150,16,10,48,35,8,5,5989,2939
"SD",2013,182,86,695,291,1337,516,57,26,12,4,9,6,4,1,2296,930
"TN",2013,3906,1872,9310,4387,46,18,748,339,13,7,351,113,17,6,14391,6742
"TX",2013,12888,4127,13776,5473,311,109,18426,6817,243,96,594,287,48,11,46286,16920
"UT",2013,299,134,3263,1488,233,90,986,422,34,16,18,9,44,18,4877,2177
"VA",2013,2774,966,3717,1371,20,7,544,179,58,25,47,27,22,8,7182,2583
"VT",2013,47,23,1516,632,1,1,11,5,12,6,17,10,NA,NA,1604,677
"WA",2013,2411,860,8156,3109,1919,672,2155,813,274,111,113,108,194,83,15222,5756
"WI",2013,3920,1535,4905,2128,683,342,993,470,130,65,200,124,21,4,10852,4668
"WV",2013,899,359,6824,3018,20,7,86,40,22,8,43,30,12,5,7906,3467
"WY",2013,94,41,1433,760,47,18,280,167,14,3,21,16,1,0,1890,1005
"AK",2012,207,68,670,216,1621,570,67,19,39,17,66,32,40,7,2710,929
"AL",2012,3202,1017,4107,1480,31,4,410,166,15,7,131,83,11,6,7907,2763
"AR",2012,2142,1044,4721,2464,123,54,401,208,41,21,27,18,58,37,7513,3846
"AZ",2012,3078,1457,8032,3907,1508,771,7663,3862,136,69,765,560,85,37,21267,10663
"CA",2012,21117,6830,18774,7392,2715,958,38859,15213,2265,923,346,204,493,175,84569,31695
"CO",2012,1982,762,4996,2378,262,113,3726,1699,139,55,35,17,44,18,11184,5042
"CT",2012,2310,628,2005,570,24,3,1661,467,44,12,14,9,10,4,6068,1693
"DC",2012,2079,378,8,1,2,2,81,22,3,0,101,83,2,0,2276,486
"DE",2012,735,270,454,176,1,0,90,35,6,3,NA,NA,NA,NA,1286,484
"FL",2012,13038,5609,16804,7755,168,77,4542,2072,138,67,129,68,49,26,34868,15674
"GA",2012,6884,3110,5815,2696,30,16,834,387,36,18,13,12,6,4,13618,6243
"HI",2012,145,65,248,161,105,45,42,23,932,395,40,29,666,353,2178,1071
"IA",2012,1833,714,6904,2869,284,119,887,325,100,41,357,228,76,28,10441,4324
"ID",2012,81,18,1805,849,178,71,323,133,5,3,13,10,5,0,2410,1084
"IL",2012,11511,2264,9336,2365,24,8,1293,352,65,20,348,115,10,2,22587,5126
"IN",2012,5848,2337,11023,4820,111,42,1187,543,83,43,214,101,38,22,18504,7908
"KS",2012,1914,638,6231,2539,227,92,1023,423,64,29,NA,NA,14,3,9473,3724
"KY",2012,2060,937,8878,4227,21,5,542,233,14,10,332,208,17,7,11864,5627
"LA",2012,3675,1550,3556,1448,29,9,117,62,20,7,107,52,9,3,7513,3131
"MA",2012,3131,1164,6354,2482,169,59,3125,1218,288,111,562,259,11,7,13640,5300
"MD",2012,5129,1543,2211,858,9,6,294,90,29,7,256,148,3,1,7931,2653
"ME",2012,147,63,1444,560,79,34,271,148,17,7,211,96,10,3,2179,911
"MI",2012,10203,2748,10415,3789,524,177,1054,365,82,41,48,13,62,12,22388,7145
"MN",2012,2979,1776,4518,2473,2087,1035,724,419,317,204,76,65,11,2,10712,5974
"MO",2012,3563,1319,11060,4487,70,25,454,209,37,16,248,120,22,13,15454,6189
"MS",2012,2975,1122,2766,1176,9,4,154,69,21,8,49,28,3,1,5977,2408
"MT",2012,108,37,1564,753,1221,420,128,61,3,2,29,18,13,7,3066,1298
"NC",2012,5433,1938,6281,2503,426,186,854,329,52,17,69,36,48,17,13163,5026
"ND",2012,112,48,1017,477,636,255,57,34,9,4,45,28,11,10,1887,856
"NE",2012,1709,465,4374,1585,789,282,929,333,60,20,169,114,25,7,8055,2806
"NH",2012,91,41,884,402,20,6,85,38,8,6,74,40,4,2,1166,535
"NJ",2012,5418,2137,3209,1583,10,1,2107,978,76,45,752,506,10,3,11582,5253
"NM",2012,221,81,969,469,439,209,1899,939,5,1,16,16,7,6,3556,1721
"NV",2012,2399,955,3148,1263,189,71,1721,702,139,70,12,10,98,55,7706,3126
"NY",2012,14042,2906,6915,2552,172,56,5327,1045,200,45,7881,3987,4,3,34541,10594
"OH",2012,8581,3603,11161,5128,91,44,749,375,48,20,578,371,25,10,21233,9551
"OK",2012,3279,1158,5384,2280,3593,1369,1194,510,73,34,3,3,110,45,13636,5399
"OR",2012,1178,318,7370,2525,1587,349,1664,676,128,41,504,280,84,26,12515,4215
"PA",2012,10801,4564,9978,4484,54,24,2057,919,122,56,458,212,35,12,23505,10271
"PR",2012,628,121,34,6,6,2,4064,779,NA,NA,27,11,13,3,4772,922
"RI",2012,743,301,1407,577,48,20,631,288,53,17,52,31,1,0,2935,1234
"SC",2012,3053,1250,3055,1352,25,17,319,144,14,3,48,27,8,3,6522,2796
"SD",2012,195,84,714,335,1540,732,64,26,14,0,11,10,5,3,2543,1190
"TN",2012,3219,1443,8326,3680,26,9,681,338,14,4,1676,1125,18,11,13960,6610
"TX",2012,13330,4280,13532,5139,314,95,18422,6681,226,82,617,314,64,28,46505,16619
"UT",2012,305,125,3161,1451,252,96,1018,480,37,22,12,9,60,29,4845,2212
"VA",2012,2942,961,3857,1433,15,5,573,197,52,28,44,17,24,12,7507,2653
"VT",2012,41,22,1488,569,NA,NA,14,6,9,3,14,6,NA,NA,1566,606
"WA",2012,2310,729,7909,3012,1880,622,2049,723,285,106,65,38,187,69,14685,5299
"WI",2012,3972,1446,4929,2108,617,291,957,419,113,62,176,94,21,12,10785,4432
"WV",2012,875,402,6318,2963,23,5,84,45,22,13,59,28,13,4,7394,3460
"WY",2012,88,37,1406,760,48,26,251,133,11,9,20,14,5,3,1829,982
"AK",2011,207,69,685,218,1553,540,84,27,28,13,50,34,49,23,2656,924
"AL",2011,3468,1179,4375,1767,36,9,394,197,17,8,100,92,5,5,8395,3257
"AR",2011,2237,1082,4622,2436,123,56,412,225,54,27,19,10,39,20,7506,3856
"AZ",2011,2572,1172,6983,3272,1301,612,6601,2966,98,62,505,358,82,46,18142,8488
"CA",2011,22330,7113,18881,7314,2699,953,39524,15556,2377,920,259,109,493,206,86563,32171
"CO",2011,2203,914,5254,2311,288,149,4040,1840,128,46,20,11,57,29,11990,5300
"CT",2011,2636,806,2262,764,28,8,2020,704,49,18,21,15,9,5,7025,2320
"DC",2011,2373,449,11,2,NA,NA,105,38,4,1,104,72,3,1,2600,563
"DE",2011,743,269,428,221,1,1,90,42,4,4,NA,NA,NA,NA,1266,537
"FL",2011,12962,5762,16167,7727,174,73,4385,2098,170,93,111,69,44,24,34013,15846
"GA",2011,6611,3080,5626,2865,23,14,884,427,41,22,11,9,7,2,13203,6419
"HI",2011,155,78,244,138,112,47,44,21,1027,429,32,25,626,287,2240,1025
"IA",2011,1855,712,7077,2916,313,124,942,420,101,37,348,178,73,36,10709,4423
"ID",2011,98,47,1974,946,218,60,337,161,11,7,4,4,9,5,2651,1230
"IL",2011,11634,2080,8927,2412,22,5,1176,228,60,17,318,107,10,1,22147,4850
"IN",2011,6107,2199,11761,4710,145,48,1194,481,71,38,70,34,30,12,19378,7522
"KS",2011,1949,604,6098,2308,206,90,995,400,52,25,5,1,14,11,9319,3439
"KY",2011,2110,813,8717,3788,26,12,541,269,14,4,338,225,21,9,11767,5120
"LA",2011,3964,1845,3813,1748,43,14,108,57,19,5,115,56,7,6,8069,3731
"MA",2011,3246,1143,6466,2499,112,42,3341,1302,301,105,609,276,8,4,14083,5371
"MD",2011,5817,1726,2243,838,9,2,307,124,42,22,202,92,7,2,8627,2806
"ME",2011,141,21,1514,347,75,19,159,63,13,6,167,91,12,5,2081,552
"MI",2011,11266,3184,10549,3649,506,155,1086,337,64,25,51,22,65,20,23587,7392
"MN",2011,2971,1742,4740,2550,1932,973,712,425,287,206,45,40,17,10,10704,5946
"MO",2011,3566,1287,10361,4277,68,35,398,179,35,10,190,109,21,14,14639,5911
"MS",2011,2969,1164,2745,1079,16,6,152,84,16,4,55,29,2,2,5955,2368
"MT",2011,107,28,1371,559,1140,395,119,45,4,0,22,12,8,2,2771,1041
"NC",2011,5610,2020,6370,2524,374,156,886,336,58,31,62,31,44,12,13404,5110
"ND",2011,110,47,916,414,634,269,50,17,10,1,42,36,7,5,1769,789
"NE",2011,1832,596,4576,1762,713,264,1033,422,71,18,122,81,15,8,8362,3151
"NH",2011,87,33,917,365,22,7,101,46,13,4,72,39,4,1,1216,495
"NJ",2011,5584,1953,2925,1224,13,6,1924,905,61,32,699,413,9,2,11215,4535
"NM",2011,266,128,968,504,460,210,1916,916,9,5,16,16,2,0,3637,1779
"NV",2011,2342,831,3025,1151,193,74,1760,640,118,52,7,4,80,26,7525,2778
"NY",2011,17223,3595,7324,2430,189,84,6722,1392,237,46,5648,3574,1,1,37344,11122
"OH",2011,8717,3785,11115,5073,87,50,647,298,62,34,889,681,23,13,21540,9934
"OK",2011,3207,1050,4789,1990,3320,1246,1126,453,90,36,4,4,96,50,12632,4829
"OR",2011,1520,375,7556,2407,1578,567,1660,598,128,49,463,230,86,24,12991,4250
"PA",2011,11153,4541,10008,4369,49,27,2096,916,152,72,285,127,16,7,23759,10059
"PR",2011,597,115,37,18,9,4,4310,1077,1,1,41,12,10,3,5005,1230
"RI",2011,842,319,1521,581,58,22,670,247,57,18,58,32,3,0,3209,1219
"SC",2011,3548,1343,3348,1385,23,9,334,140,17,4,70,48,14,9,7354,2938
"SD",2011,231,143,826,391,1669,803,83,52,18,13,1,1,8,4,2836,1407
"TN",2011,3178,1468,7958,3802,30,16,582,273,26,10,1225,998,11,6,13010,6573
"TX",2011,13329,4402,13395,5005,330,119,17961,6998,239,99,520,259,52,21,45826,16903
"UT",2011,289,85,3115,1345,272,115,1083,451,34,14,7,3,55,21,4855,2034
"VA",2011,3236,963,3874,1437,16,5,578,168,52,8,64,24,16,9,7836,2614
"VT",2011,37,17,1475,632,NA,NA,12,3,7,5,15,7,NA,NA,1546,664
"WA",2011,2512,940,7869,2952,1928,595,2087,830,321,138,171,118,167,70,15055,5643
"WI",2011,4132,1554,4844,2022,563,254,990,443,101,45,188,117,15,7,10833,4442
"WV",2011,881,388,6415,3002,21,8,90,30,19,4,62,47,17,7,7505,3486
"WY",2011,99,47,1438,765,50,21,241,130,3,0,65,31,4,2,1900,996
"AK",2010,241,74,700,247,1618,487,74,33,24,14,31,23,45,19,2733,897
"AL",2010,3468,1118,4160,1735,37,9,360,157,22,8,71,36,1,0,8119,3063
"AR",2010,2296,1092,4552,2562,108,51,400,203,49,22,25,20,44,27,7474,3977
"AZ",2010,2371,1055,6523,3098,1183,565,6385,2761,99,61,471,319,78,32,17110,7891
"CA",2010,24676,7675,19946,7624,2737,991,41592,16027,2516,901,304,147,483,171,92254,33536
"CO",2010,2332,963,5610,2498,299,135,4417,2058,127,64,14,6,67,29,12866,5753
"CT",2010,2723,927,2307,838,31,11,1978,677,49,16,30,13,9,0,7127,2482
"DC",2010,2613,619,15,3,1,1,99,36,3,0,101,85,2,1,2834,745
"DE",2010,729,250,387,136,3,0,71,24,4,1,NA,NA,NA,NA,1194,411
"FL",2010,13060,5269,15705,7108,199,96,4069,1773,143,59,102,58,44,21,33322,14384
"GA",2010,6896,2768,5405,2241,19,7,940,418,51,24,13,2,9,9,13333,5469
"HI",2010,158,70,279,144,126,63,35,11,1114,421,48,35,706,279,2466,1023
"IA",2010,1863,702,7064,3017,338,157,894,377,135,76,679,364,63,32,11036,4725
"ID",2010,94,41,2024,1042,314,117,336,176,17,4,6,6,6,0,2797,1386
"IL",2010,12228,2304,8602,2543,31,8,1211,285,53,17,378,141,16,5,22519,5303
"IN",2010,6670,2534,12785,5839,201,87,1324,618,77,40,70,35,30,17,21157,9170
"KS",2010,2024,668,6015,2438,180,71,862,358,49,21,18,10,4,1,9152,3567
"KY",2010,2254,932,9041,4165,41,12,500,237,22,16,243,135,14,3,12115,5500
"LA",2010,4031,1642,3781,1565,31,5,110,53,21,13,122,63,5,3,8101,3344
"MA",2010,3520,1225,6845,2497,92,44,3531,1353,336,114,587,282,8,1,14919,5516
"MD",2010,6811,1670,2337,884,23,3,296,103,34,15,239,116,7,2,9747,2793
"ME",2010,165,59,1854,516,76,36,130,50,11,6,140,88,11,5,2387,760
"MI",2010,12749,3610,10999,3911,553,205,1194,387,74,24,61,27,80,28,25710,8192
"MN",2010,2953,1651,4797,2581,1846,780,725,393,239,123,169,105,15,10,10744,5643
"MO",2010,3552,1259,9546,4214,60,22,398,205,39,17,135,70,14,4,13744,5791
"MS",2010,2935,1119,2742,1349,19,5,128,63,15,10,44,30,4,1,5887,2577
"MT",2010,102,38,1274,484,1074,375,107,37,8,7,43,15,6,2,2614,958
"NC",2010,5850,1824,6365,2389,346,146,893,357,46,21,54,23,53,9,13607,4769
"ND",2010,136,59,1043,456,595,238,79,26,27,13,26,25,7,2,1913,819
"NE",2010,1753,637,4666,1864,737,266,1093,472,61,23,236,106,6,5,8552,3373
"NH",2010,96,40,1053,385,20,10,100,41,12,7,85,38,2,1,1368,522
"NJ",2010,6275,2124,3129,1318,15,9,1896,804,67,32,683,358,15,8,12080,4653
"NM",2010,266,116,964,499,514,232,1943,905,10,1,15,11,4,2,3716,1766
"NV",2010,2358,830,3051,1180,183,57,1798,730,125,40,8,4,112,42,7635,2883
"NY",2010,20267,5887,7886,2817,176,69,8166,2547,307,121,3223,1164,1,0,40026,12605
"OH",2010,8769,3550,10765,4762,64,25,621,275,45,26,733,613,28,9,21025,9260
"OK",2010,3513,899,4915,1850,3340,1144,1141,389,85,32,NA,NA,73,31,13067,4345
"OR",2010,2897,820,7728,2872,256,98,1561,603,78,32,661,373,82,28,13263,4826
"PA",2010,12362,4935,10727,4417,54,13,2315,1015,160,84,584,201,15,9,26217,10674
"PR",2010,794,115,30,6,3,0,4487,803,6,0,39,16,9,0,5368,940
"RI",2010,889,370,1625,660,60,29,734,337,80,23,76,45,2,1,3466,1465
"SC",2010,4068,1550,3721,1556,21,9,381,202,21,9,67,59,11,8,8290,3393
"SD",2010,218,120,872,447,1705,840,74,40,15,7,3,3,5,2,2892,1459
"TN",2010,3773,1798,7816,3846,41,9,636,293,33,22,469,305,13,8,12781,6281
"TX",2010,12708,4456,12698,5143,290,116,16184,5986,199,95,520,292,59,21,42658,16109
"UT",2010,322,144,3124,1396,251,76,1132,562,37,16,6,4,56,28,4928,2226
"VA",2010,3652,1055,4094,1449,20,4,643,222,66,29,64,15,16,5,8555,2779
"VT",2010,37,15,1504,522,NA,NA,17,9,5,2,16,7,NA,NA,1579,555
"WA",2010,2707,942,8477,3398,2219,736,2067,868,308,139,135,78,164,88,16077,6249
"WI",2010,4105,1395,5083,2277,579,251,947,418,140,69,168,106,13,7,11035,4523
"WV",2010,826,322,6056,2535,16,6,92,35,23,7,52,41,20,9,7085,2955
"WY",2010,98,32,1520,753,54,21,225,122,6,5,102,59,2,1,2007,993
"AK",2009,241,68,724,235,1721,533,53,16,18,4,17,12,40,20,2814,888
"AL",2009,4301,1130,4796,1688,49,16,380,134,14,7,132,104,5,1,9677,3080
"AR",2009,2538,1340,4439,2519,99,32,397,208,48,31,20,11,33,20,7574,4161
"AZ",2009,2423,1027,6475,2814,1158,499,6331,2885,85,44,371,212,86,45,16929,7526
"CA",2009,27032,8258,21549,7832,2831,876,44642,16742,2940,1183,306,171,497,181,99797,35243
"CO",2009,2495,1090,5898,2682,334,158,4654,2121,114,74,15,6,74,36,13584,6167
"CT",2009,2868,899,2530,808,27,8,2168,692,51,17,74,40,15,3,7733,2467
"DC",2009,2585,513,17,3,1,0,91,33,3,1,113,73,4,1,2814,624
"DE",2009,808,251,449,151,3,0,104,40,4,3,NA,NA,1,0,1369,445
"FL",2009,14206,5321,16824,7054,189,94,4074,1703,122,67,125,80,31,12,35571,14331
"GA",2009,8287,2962,6360,2421,31,12,1063,464,57,24,29,15,6,4,15833,5902
"HI",2009,189,99,347,172,120,46,44,28,1316,585,40,23,833,368,2889,1321
"IA",2009,1949,774,7292,2960,319,138,870,400,102,46,669,383,50,27,11251,4728
"ID",2009,90,24,2064,903,355,137,361,142,16,8,1,1,11,0,2898,1215
"IL",2009,12881,2317,8191,2409,31,1,1296,277,64,24,491,148,NA,NA,22954,5176
"IN",2009,7040,2822,12487,5916,240,82,1227,605,75,40,70,39,22,7,21161,9511
"KS",2009,2035,597,6252,2172,143,57,788,304,50,25,27,5,11,3,9306,3163
"KY",2009,2374,887,9097,4136,45,19,471,195,19,6,280,138,20,6,12306,5387
"LA",2009,4280,1836,3888,1653,31,12,120,56,15,4,122,66,5,4,8461,3631
"MA",2009,3816,1385,7673,2803,90,32,3813,1513,370,193,554,243,10,5,16326,6174
"MD",2009,7361,1752,2381,779,32,9,290,112,30,11,226,120,10,4,10330,2787
"ME",2009,177,56,2137,603,82,17,86,34,19,1,92,36,12,6,2605,753
"MI",2009,14147,3636,11730,3587,538,185,1208,387,92,23,76,22,112,23,27903,7863
"MN",2009,3158,1555,5077,2549,1854,862,823,479,303,191,469,359,7,4,11691,5999
"MO",2009,3614,1289,8519,3614,65,35,337,170,37,16,109,46,16,3,12697,5173
"MS",2009,2846,1044,2349,968,21,8,105,50,6,5,52,31,5,1,5384,2107
"MT",2009,81,26,1303,540,1028,349,101,33,4,0,57,27,4,1,2578,976
"NC",2009,6343,2029,6766,2430,285,77,915,351,34,18,90,31,82,35,14515,4971
"ND",2009,149,84,1158,512,668,291,98,34,28,14,6,4,7,5,2114,944
"NE",2009,1728,666,5021,2000,838,305,1026,429,65,35,282,126,2,2,8962,3563
"NH",2009,97,24,1119,391,13,5,81,30,7,3,167,52,4,0,1488,505
"NJ",2009,6795,2096,3390,1333,15,10,1862,774,73,47,1023,554,12,2,13170,4816
"NM",2009,301,106,1017,490,600,339,2187,1005,12,9,47,42,10,6,4174,1997
"NV",2009,2422,893,3223,1104,205,78,1784,725,127,53,5,3,109,59,7875,2915
"NY",2009,20588,5968,8066,2749,177,87,8534,2668,268,78,4015,1324,2,2,41650,12876
"OH",2009,9257,3384,11568,4595,67,27,638,261,47,20,706,488,22,13,22305,8788
"OK",2009,4334,1266,5713,1851,3702,1104,1360,464,107,28,NA,NA,76,21,15292,4734
"OR",2009,2821,870,7518,2438,324,109,1440,612,73,29,1159,523,58,20,13393,4601
"PA",2009,13199,4900,12054,4683,66,24,2395,953,146,66,1055,505,6,3,28921,11134
"PR",2009,983,112,32,4,12,0,5724,1048,12,0,40,26,16,0,6819,1190
"RI",2009,980,356,1777,688,51,12,733,307,92,43,78,40,5,1,3716,1447
"SC",2009,4419,1832,3855,1648,32,13,358,185,20,10,33,28,8,6,8725,3722
"SD",2009,200,118,876,453,1673,802,88,58,18,10,3,3,7,4,2865,1448
"TN",2009,4110,1969,7841,3459,39,24,592,319,24,10,318,165,13,6,12937,5952
"TX",2009,12177,3599,12156,4021,274,102,15543,4775,171,69,466,182,59,21,40846,12769
"UT",2009,319,129,2946,1284,286,119,1055,483,35,11,40,9,44,25,4725,2060
"VA",2009,4196,1009,4294,1349,27,9,656,219,66,17,81,24,18,7,9338,2634
"VT",2009,40,13,1636,529,NA,NA,13,2,3,3,15,3,NA,NA,1707,550
"WA",2009,2874,900,9176,3126,2532,767,2109,708,328,131,251,196,163,86,17433,5914
"WI",2009,4377,1445,5385,2244,593,259,990,408,136,69,214,136,20,7,11715,4568
"WV",2009,894,354,6191,2555,14,5,98,42,19,9,40,27,20,8,7276,3000
"WY",2009,118,56,1629,816,53,35,272,152,8,4,94,65,4,3,2178,1131
"AK",2008,262,76,734,219,1727,547,51,15,28,12,19,18,36,8,2857,895
"AL",2008,4643,1438,5396,1985,25,1,365,138,9,2,21,12,8,4,10467,3580
"AR",2008,2390,1125,4214,2284,91,43,406,264,50,30,22,15,23,11,7196,3772
"AZ",2008,2359,1209,6744,3062,1229,603,6150,2936,87,45,364,205,70,39,17003,8099
"CA",2008,29451,8628,23824,8095,3357,1098,48395,17013,3074,1267,485,276,584,213,109170,36590
"CO",2008,2469,1173,6332,2873,356,170,4954,2397,96,45,14,5,69,31,14290,6694
"CT",2008,3099,927,2736,925,28,8,2314,755,61,22,69,31,16,4,8323,2672
"DC",2008,2600,506,21,7,3,1,79,29,2,0,178,166,4,3,2887,712
"DE",2008,1034,367,537,192,6,3,142,62,3,3,NA,NA,1,0,1723,627
"FL",2008,16782,6037,19251,7648,180,91,4545,1906,130,64,122,75,38,17,41048,15838
"GA",2008,9851,3539,7730,2631,38,17,1109,474,73,39,34,17,10,5,18845,6722
"HI",2008,199,96,399,200,153,61,36,23,1430,559,107,59,951,383,3275,1381
"IA",2008,2039,762,8200,2908,272,105,851,336,109,48,760,363,44,19,12275,4541
"ID",2008,95,48,2280,974,347,133,432,174,20,11,4,4,18,7,3196,1351
"IL",2008,13604,2710,8031,2565,41,15,1411,354,65,33,484,166,NA,NA,23636,5843
"IN",2008,6755,2869,11865,5797,287,110,1083,555,67,36,53,35,27,17,20137,9419
"KS",2008,2180,692,6879,2506,134,29,749,246,37,7,72,27,12,6,10063,3513
"KY",2008,2636,1014,9325,4352,38,10,449,216,20,6,274,163,20,2,12762,5763
"LA",2008,4281,1741,3972,1514,33,20,117,66,16,10,104,51,8,1,8531,3403
"MA",2008,3889,1549,8000,3087,96,39,3946,1576,349,165,609,266,13,6,16902,6688
"MD",2008,7958,1723,2552,763,33,5,271,114,41,6,179,84,10,4,11044,2699
"ME",2008,182,66,2372,718,102,42,73,28,24,6,84,34,6,3,2843,897
"MI",2008,14853,3959,12612,4000,541,207,1250,454,94,37,74,24,126,34,29550,8715
"MN",2008,3738,1943,6077,3184,2057,1020,889,520,329,201,433,314,13,8,13536,7190
"MO",2008,3685,1227,7993,3104,37,13,334,149,41,12,104,42,18,10,12212,4557
"MS",2008,2813,1053,2410,958,26,8,103,53,3,1,37,23,4,2,5396,2098
"MT",2008,88,41,1409,508,1046,392,108,48,6,0,64,32,3,1,2724,1022
"NC",2008,6779,2101,7138,2474,342,117,947,325,27,15,101,45,98,19,15432,5096
"ND",2008,128,72,1191,520,657,283,111,51,27,14,2,1,3,1,2119,942
"NE",2008,1538,538,5381,1966,873,323,887,354,44,18,324,140,5,2,9052,3341
"NH",2008,131,48,1194,422,11,4,96,50,12,3,132,42,6,2,1582,571
"NJ",2008,7425,2389,3621,1467,13,6,1800,841,60,30,1008,472,16,12,13943,5217
"NM",2008,309,132,1107,492,572,293,2435,1146,5,1,77,64,12,11,4517,2139
"NV",2008,2507,996,3578,1320,181,79,1866,842,139,61,13,8,101,38,8385,3344
"NY",2008,20345,6083,7925,2870,138,52,8491,2702,309,121,5622,1677,1,1,42831,13506
"OH",2008,10289,3973,12736,5339,78,31,731,340,59,24,597,451,17,10,24507,10168
"OK",2008,4688,1498,6818,2358,4316,1371,1527,566,160,74,NA,NA,85,26,17594,5893
"OR",2008,2480,705,8126,2490,437,107,1232,573,63,26,1503,624,53,24,13894,4549
"PA",2008,18101,8756,16594,8726,71,22,3131,1715,189,104,1518,847,5,4,39609,20174
"PR",2008,1181,216,49,7,21,5,6315,1619,13,1,17,6,17,1,7613,1855
"RI",2008,1098,365,1933,720,60,13,796,309,88,37,82,44,5,0,4062,1488
"SC",2008,4510,1860,4013,1766,24,14,360,191,22,12,13,12,12,7,8954,3862
"SD",2008,207,99,872,414,1649,761,107,52,12,8,5,5,9,6,2861,1345
"TN",2008,4222,1790,8514,3901,32,18,554,250,28,11,307,164,15,10,13672,6144
"TX",2008,12377,3509,13633,4571,261,90,16692,5235,182,49,653,291,47,13,43845,13758
"UT",2008,328,151,2913,1240,298,116,1089,486,52,30,25,14,33,11,4738,2048
"VA",2008,4699,1337,4598,1556,25,2,663,245,61,31,91,42,19,8,10156,3221
"VT",2008,51,11,1818,624,NA,NA,17,6,1,0,25,4,NA,NA,1912,645
"WA",2008,2759,948,9267,3488,2384,800,2107,800,306,117,378,246,123,54,17324,6453
"WI",2008,4552,1565,5703,2500,615,264,971,450,165,89,177,119,21,8,12204,4995
"WV",2008,906,408,6461,2781,18,4,98,37,12,10,21,15,24,9,7540,3264
"WY",2008,114,58,1697,847,49,23,261,129,6,5,99,60,4,2,2230,1124
"AK",2007,296,90,787,244,1675,534,58,19,28,5,23,11,37,17,2904,920
"AL",2007,4923,1619,5566,2110,23,10,337,170,16,11,29,13,6,4,10900,3937
"AR",2007,2551,1321,4334,2479,96,41,318,185,52,31,26,16,27,13,7404,4086
"AZ",2007,2127,951,6813,2930,1140,510,5928,2721,78,42,370,217,57,27,16513,7398
"CA",2007,31319,9014,26433,9501,3414,1162,51125,19801,3149,1333,448,279,555,226,116443,41316
"CO",2007,2234,962,6663,2935,367,152,4865,2273,143,70,9,3,81,36,14362,6431
"CT",2007,3360,966,2946,894,39,8,2421,754,52,24,94,33,19,5,8931,2684
"DC",2007,2815,540,22,7,1,0,71,21,4,0,28,17,2,1,2943,586
"DE",2007,1247,665,680,343,7,4,154,92,3,3,1,1,3,2,2095,1110
"FL",2007,19478,7519,22961,9519,142,77,4864,2097,148,64,123,65,43,17,47759,19358
"GA",2007,10956,4436,9532,3897,37,17,1129,586,64,36,77,45,16,9,21811,9026
"HI",2007,197,75,456,240,157,45,58,35,1555,548,174,98,1128,406,3725,1447
"IA",2007,2197,800,9464,3466,311,119,880,389,137,45,749,378,47,13,13785,5210
"ID",2007,98,40,2422,1157,359,155,444,191,14,10,3,3,14,4,3354,1560
"IL",2007,14142,2334,7722,2244,61,16,1362,316,44,8,446,86,NA,NA,23777,5004
"IN",2007,6482,2345,11137,4885,322,130,872,419,49,28,42,17,17,9,18921,7833
"KS",2007,2165,785,6974,2822,167,66,761,329,41,28,102,43,4,2,10214,4075
"KY",2007,2707,1077,9184,4348,44,9,425,193,27,14,249,142,25,7,12661,5790
"LA",2007,4287,1762,4112,1724,28,12,88,50,14,10,105,69,7,6,8641,3633
"MA",2007,3603,1319,8196,3153,86,29,3794,1433,307,152,698,321,15,6,16699,6413
"MD",2007,8467,1739,2682,755,35,12,234,82,48,11,162,71,9,1,11637,2671
"ME",2007,172,65,2439,686,95,34,70,28,20,2,101,31,4,0,2901,846
"MI",2007,14538,3979,12883,4442,478,168,1188,426,88,31,72,18,127,50,29374,9114
"MN",2007,3771,2028,6712,3606,2071,1012,901,565,359,239,390,295,17,11,14221,7756
"MO",2007,4480,1314,10223,3639,61,31,413,186,47,25,152,60,13,5,15389,5260
"MS",2007,2821,1117,2417,1103,21,6,81,38,4,2,25,17,2,0,5371,2283
"MT",2007,80,25,1564,552,1108,410,107,32,14,9,80,43,7,4,2960,1075
"NC",2007,7290,2416,7599,2913,378,139,1059,441,54,19,90,46,142,47,16612,6021
"ND",2007,102,58,1225,525,688,269,103,33,31,13,1,1,4,2,2154,901
"NE",2007,1565,547,5862,2159,879,336,939,386,41,18,289,126,4,3,9579,3575
"NH",2007,129,47,1240,433,16,7,85,25,12,7,148,49,6,2,1636,570
"NJ",2007,8221,2429,4334,1692,29,9,1133,465,59,29,2340,1084,4,2,16120,5710
"NM",2007,312,135,1192,602,563,301,2371,1119,7,4,123,103,8,4,4576,2268
"NV",2007,2511,1083,3916,1593,158,64,1855,848,163,81,8,4,97,30,8708,3703
"NY",2007,20219,5805,8371,2934,150,61,8424,2691,268,96,5603,1638,1,0,43036,13225
"OH",2007,11267,4457,13947,5952,102,30,760,345,60,27,260,193,9,3,26405,11007
"OK",2007,4756,1657,7347,2799,4518,1572,1535,648,146,61,NA,NA,100,30,18402,6767
"OR",2007,2072,705,8833,2645,885,151,1387,514,69,13,1693,557,50,19,14989,4604
"PA",2007,15815,6399,14219,6127,72,27,2540,1092,157,56,1358,755,8,3,34169,14459
"PR",2007,1361,305,55,12,20,4,6378,1861,16,3,12,9,19,9,7861,2203
"RI",2007,1174,438,2047,806,69,25,804,347,92,42,64,37,7,3,4257,1698
"SC",2007,4369,1782,3851,1781,29,14,297,161,26,20,7,3,15,6,8594,3767
"SD",2007,195,94,902,394,1737,834,119,57,12,8,4,4,4,1,2973,1392
"TN",2007,4709,1855,9073,4103,31,13,575,262,42,23,281,147,9,8,14720,6411
"TX",2007,12788,4049,14532,4715,257,91,17548,5966,194,62,619,310,46,29,45984,15222
"UT",2007,300,128,2814,1276,307,148,1006,517,34,19,26,20,53,22,4540,2130
"VA",2007,5148,1542,5159,1772,23,9,693,231,60,25,83,44,18,6,11184,3629
"VT",2007,60,18,1856,581,NA,NA,18,8,1,0,32,11,NA,NA,1967,618
"WA",2007,2618,852,9523,3856,2318,873,2115,949,312,179,353,232,118,57,17357,6998
"WI",2007,4623,1730,5965,2772,637,288,920,451,155,86,137,79,21,14,12458,5420
"WV",2007,849,335,5942,2676,15,9,88,33,7,6,54,22,26,13,6981,3094
"WY",2007,97,47,1698,772,53,29,261,138,9,4,97,58,2,2,2217,1050
"AK",2006,270,100,703,220,1512,522,47,9,30,18,21,17,21,11,2604,897
"AL",2006,4870,1646,5444,1989,17,2,267,137,9,3,20,12,4,2,10631,3791
"AR",2006,2475,1365,4058,2274,89,35,331,184,47,29,29,22,26,15,7055,3924
"AZ",2006,2109,910,7138,3048,1221,568,5925,2604,86,53,428,246,61,31,16968,7460
"CA",2006,32504,9077,27793,9956,3506,1313,49655,19039,3089,1283,351,225,572,197,117470,41090
"CO",2006,2241,1034,7308,3440,375,193,4905,2289,129,68,6,0,71,35,15035,7059
"CT",2006,3548,1223,3134,1037,54,19,2503,899,42,14,109,49,15,7,9405,3248
"DC",2006,3155,593,16,8,2,1,74,16,7,0,72,50,4,0,3330,668
"DE",2006,1089,584,646,359,5,2,118,71,2,1,2,2,2,2,1864,1021
"FL",2006,20468,8496,24691,11082,109,47,4850,2188,173,95,126,65,50,26,50467,21999
"GA",2006,11885,4924,10476,4219,33,15,1110,524,68,34,103,43,13,5,23688,9764
"HI",2006,208,85,436,220,204,63,46,20,1890,680,171,102,1404,503,4359,1673
"IA",2006,2091,811,10255,3827,294,118,782,336,150,62,730,438,64,38,14366,5630
"ID",2006,88,40,2397,1133,329,132,477,232,7,1,12,12,11,2,3321,1552
"IL",2006,15231,2506,7664,2071,48,33,1390,258,51,13,474,94,NA,NA,24858,4975
"IN",2006,6311,2306,10619,4547,324,134,772,339,35,18,46,28,16,7,18123,7379
"KS",2006,1901,605,6344,2536,162,73,589,244,32,9,125,37,2,2,9155,3506
"KY",2006,2939,1294,9590,4604,53,27,388,199,28,16,311,199,24,18,13333,6357
"LA",2006,4343,1932,4065,1941,31,16,65,22,16,5,78,48,1,1,8599,3965
"MA",2006,4102,1353,8984,3126,108,28,3973,1388,339,121,723,350,17,11,18246,6377
"MD",2006,9191,2193,2933,998,26,5,227,84,46,17,183,61,9,3,12615,3361
"ME",2006,144,41,2609,621,89,32,66,12,20,2,133,32,8,0,3069,740
"MI",2006,14270,3945,12589,4362,489,158,1118,407,81,23,182,69,102,41,28831,9005
"MN",2006,3762,2133,7088,3859,2068,1039,845,510,330,213,308,236,17,7,14418,7997
"MO",2006,4975,1595,10973,3904,93,33,397,177,38,13,103,43,10,3,16589,5768
"MS",2006,2691,1004,2307,882,24,9,82,36,8,4,30,14,2,1,5144,1950
"MT",2006,85,24,1724,606,1190,422,107,46,16,6,90,44,6,5,3218,1153
"NC",2006,7323,2648,7702,3018,370,192,994,423,70,27,75,35,158,70,16692,6413
"ND",2006,99,38,1291,569,684,280,110,51,26,10,NA,NA,2,0,2212,948
"NE",2006,1585,604,6065,2335,911,325,965,396,33,14,282,124,4,1,9845,3799
"NH",2006,128,45,1358,432,13,5,89,30,14,8,97,40,6,1,1705,561
"NJ",2006,9312,2657,4671,1979,31,9,1185,448,50,21,2258,1167,2,1,17509,6282
"NM",2006,305,120,1167,518,544,329,2215,1000,6,3,174,149,6,2,4417,2121
"NV",2006,2397,1152,3957,1644,156,72,1755,901,148,99,27,17,123,71,8563,3956
"NY",2006,19941,5832,8927,3070,124,49,8397,2760,222,76,5580,1566,NA,NA,43191,13353
"OH",2006,11812,4797,14382,6545,133,60,761,369,68,38,126,65,17,6,27299,11880
"OK",2006,4525,1659,7397,2850,4420,1556,1443,629,151,69,1,1,107,53,18044,6817
"OR",2006,1205,403,8914,2853,1888,470,1754,689,135,54,2199,814,41,11,16136,5294
"PA",2006,16022,6122,14564,6311,68,32,2497,1032,194,90,1090,616,7,6,34442,14209
"PR",2006,2035,613,87,31,37,6,8602,2756,19,6,8,2,26,6,10814,3420
"RI",2006,1148,529,2220,988,72,24,779,395,104,46,95,47,7,3,4425,2032
"SC",2006,4210,1689,3629,1632,17,9,262,122,17,6,26,20,19,8,8180,3486
"SD",2006,209,115,968,422,1707,761,100,45,12,5,4,4,7,4,3007,1356
"TN",2006,4957,1963,9545,4180,39,17,599,293,40,20,277,139,2,0,15459,6612
"TX",2006,12610,4283,15007,5777,252,95,16987,6427,199,73,456,264,32,9,45543,16928
"UT",2006,300,156,2761,1350,273,103,946,505,31,13,17,12,55,34,4383,2173
"VA",2006,5148,1729,5067,1952,15,4,602,284,56,22,86,46,16,2,10990,4039
"VT",2006,70,31,1986,650,4,1,16,3,2,1,27,14,1,1,2106,701
"WA",2006,2505,913,9357,3798,2108,784,1931,854,254,111,355,235,110,43,16620,6738
"WI",2006,4960,1710,6134,2854,661,299,904,409,177,88,144,73,19,10,12999,5443
"WV",2006,827,331,5506,2351,13,5,103,45,5,2,87,70,27,10,6568,2814
"WY",2006,111,45,1745,880,52,31,250,137,10,6,101,57,4,3,2273,1159
"AK",2005,251,74,639,232,1353,472,62,27,16,9,12,8,17,8,2350,830
"AL",2005,4693,1569,5205,2131,22,5,243,128,11,1,14,7,4,3,10192,3844
"AR",2005,2181,1100,3978,2258,95,35,260,168,39,25,24,9,33,20,6610,3615
"AZ",2005,2043,883,6943,3210,1023,511,5494,2612,64,27,419,270,57,33,16043,7546
"CA",2005,34608,8928,30010,10801,3243,1133,49145,18481,3129,1299,281,205,552,228,120968,41075
"CO",2005,2169,982,7636,3772,372,169,5023,2625,136,74,7,0,52,29,15395,7651
"CT",2005,3555,1099,3204,1091,40,9,2480,777,45,12,124,74,12,1,9460,3063
"DC",2005,3300,748,7,3,2,2,94,39,7,2,151,125,7,0,3568,919
"DE",2005,959,547,562,306,5,3,105,64,4,3,NA,NA,2,2,1637,925
"FL",2005,20439,8275,24509,11603,147,42,4424,2056,153,75,137,74,42,22,49851,22147
"GA",2005,12576,5183,11005,4970,41,27,1161,565,75,44,153,88,18,10,25029,10887
"HI",2005,234,97,433,191,196,88,49,24,2092,819,196,112,1563,562,4763,1893
"IA",2005,1651,955,8425,4851,261,155,620,391,130,79,391,324,41,26,11519,6781
"ID",2005,74,31,2391,1303,296,129,439,245,10,2,6,6,11,6,3227,1722
"IL",2005,15855,2815,7766,2442,19,4,1466,349,48,24,501,113,NA,NA,25655,5747
"IN",2005,6118,2492,10221,4542,315,122,660,338,41,25,43,18,13,4,17411,7541
"KS",2005,1824,551,6042,2263,127,43,488,168,42,18,249,74,1,0,8773,3117
"KY",2005,2662,1171,9475,4433,43,13,82,35,28,14,412,281,12,3,12714,5950
"LA",2005,4066,1654,3374,1628,24,7,57,37,16,10,58,35,NA,NA,7595,3371
"MA",2005,4137,1328,9212,3125,101,41,4010,1346,405,150,645,257,16,5,18526,6252
"MD",2005,9961,2205,3070,954,27,7,225,87,46,16,212,84,5,0,13546,3353
"ME",2005,137,42,2814,562,73,22,89,25,26,11,185,51,9,3,3333,716
"MI",2005,15358,4150,12719,4412,508,176,1092,392,82,38,164,73,120,55,30043,9296
"MN",2005,3597,1922,7283,4206,1987,1108,818,513,347,234,268,199,24,14,14324,8196
"MO",2005,5233,1588,11759,4567,100,33,400,187,38,20,105,48,11,8,17646,6451
"MS",2005,2468,984,2307,992,15,6,70,39,13,4,52,21,3,2,4928,2048
"MT",2005,87,35,1774,731,1266,552,106,41,19,8,112,60,7,5,3371,1432
"NC",2005,7110,2591,7458,3198,389,147,922,438,90,56,59,28,152,71,16180,6529
"ND",2005,94,41,1345,643,694,336,111,66,32,11,NA,NA,5,1,2281,1098
"NE",2005,1424,524,6071,2433,879,414,958,415,42,20,277,134,5,2,9656,3942
"NH",2005,130,38,1374,425,17,2,82,32,9,2,109,46,5,3,1726,548
"NJ",2005,10342,2670,4651,1715,30,11,1195,416,52,24,1924,975,2,0,18196,5811
"NM",2005,308,136,1197,534,461,276,2210,1149,10,7,162,139,7,0,4355,2241
"NV",2005,2062,956,3823,1680,133,64,1425,791,108,52,49,43,120,62,7720,3648
"NY",2005,20776,4684,9583,3222,142,54,8412,2008,233,55,5908,1260,NA,NA,45054,11283
"OH",2005,13029,4970,15476,6774,126,57,715,336,74,50,211,112,16,12,29647,12311
"OK",2005,4270,1768,7351,2919,4265,1726,1296,595,140,69,7,3,86,28,17415,7108
"OR",2005,1138,423,8940,3359,2003,766,1703,739,125,48,2092,847,38,15,16039,6197
"PA",2005,16518,6370,14916,6637,64,33,2511,1047,169,76,1092,495,1,0,35271,14658
"PR",2005,1668,392,66,21,30,8,6722,1502,14,3,14,1,20,9,8534,1936
"RI",2005,950,367,2063,812,55,16,614,269,83,41,92,51,10,5,3867,1561
"SC",2005,4010,1505,3485,1528,16,7,272,168,19,11,12,8,14,7,7828,3234
"SD",2005,139,77,941,438,1680,798,102,41,14,10,1,1,7,3,2884,1368
"TN",2005,5046,2037,9468,4539,41,16,559,274,42,18,276,169,6,3,15438,7056
"TX",2005,11674,4502,13460,5670,247,88,15154,6390,198,103,277,162,33,18,41043,16933
"UT",2005,259,139,2701,1354,252,114,939,539,30,11,19,15,69,43,4269,2215
"VA",2005,4969,1529,4806,1733,19,6,505,192,51,20,61,28,27,10,10438,3518
"VT",2005,50,18,2041,728,3,0,23,13,5,2,23,9,NA,NA,2145,770
"WA",2005,2391,781,9258,4135,2007,841,1795,811,255,136,370,246,116,54,16192,7004
"WI",2005,5290,1832,6266,3091,593,295,880,397,166,94,164,111,17,10,13376,5830
"WV",2005,866,343,6016,2408,15,7,86,36,4,3,98,40,27,9,7112,2846
"WY",2005,93,43,1805,926,50,38,225,117,5,4,101,73,2,2,2281,1203
"AK",2004,196,59,694,216,1563,376,51,9,9,0,27,5,NA,NA,2540,665
"AL",2004,4254,1527,4485,1941,25,13,186,102,15,7,14,8,1,0,8980,3598
"AR",2004,2132,1041,3858,2206,76,23,236,165,31,18,31,21,25,12,6389,3486
"AZ",2004,1789,811,6399,3122,848,440,4734,2477,79,31,412,268,41,24,14302,7173
"CA",2004,36743,8803,31673,10905,3246,1107,48120,17002,3100,1179,250,181,541,189,123673,39366
"CO",2004,2224,979,7866,3890,419,204,5078,2626,134,61,13,0,37,22,15771,7782
"CT",2004,3751,1117,3283,1062,51,17,2527,891,60,29,80,36,15,4,9767,3156
"DC",2004,3524,715,8,2,1,0,78,23,14,5,63,29,5,3,3693,777
"DE",2004,926,484,575,334,2,1,89,57,2,2,1,1,1,1,1596,880
"FL",2004,21272,7721,23981,10390,173,68,4154,1609,160,65,175,64,46,15,49961,19932
"GA",2004,13142,5723,10769,5148,32,13,1130,675,74,44,141,86,21,10,25309,11699
"HI",2004,283,122,515,274,175,69,62,37,2104,922,234,144,1714,691,5087,2259
"IA",2004,1425,723,8194,4525,246,115,555,292,137,86,271,194,40,27,10868,5962
"ID",2004,72,32,2170,1199,255,105,364,192,18,13,16,15,7,1,2902,1557
"IL",2004,16820,2832,7533,2439,30,5,1428,268,43,21,508,104,NA,NA,26362,5669
"IN",2004,5452,2256,8903,4335,269,124,536,255,31,17,42,28,17,11,15250,7026
"KS",2004,1731,515,5640,2186,116,37,426,164,36,17,322,119,4,0,8275,3038
"KY",2004,2355,951,9162,4274,49,9,76,30,30,11,405,279,13,7,12090,5561
"LA",2004,3982,1500,2938,1191,29,10,53,25,27,8,39,20,NA,NA,7068,2754
"MA",2004,4165,1358,9318,3237,91,33,4181,1469,416,158,720,357,18,4,18909,6616
"MD",2004,10571,2305,3187,1031,29,8,241,107,53,20,224,90,8,3,14313,3564
"ME",2004,98,24,2909,635,57,14,84,19,18,4,386,122,4,1,3556,819
"MI",2004,15811,4670,12736,4374,519,189,1087,418,87,25,68,29,97,36,30405,9741
"MN",2004,3706,1970,7072,3984,1900,898,790,470,352,248,258,226,16,10,14094,7806
"MO",2004,5428,1608,11775,4722,80,33,376,187,39,13,101,52,7,3,17806,6618
"MS",2004,2322,842,2013,891,9,5,52,10,19,12,133,92,1,0,4549,1852
"MT",2004,65,26,1637,658,1092,437,105,45,14,8,102,51,7,3,3022,1228
"NC",2004,6766,2551,7035,2818,411,196,822,396,60,25,47,30,130,73,15271,6089
"ND",2004,84,43,1356,672,621,262,90,53,31,15,NA,NA,6,3,2188,1048
"NE",2004,1418,565,6054,2620,814,362,874,464,34,14,208,126,8,4,9410,4155
"NH",2004,119,44,1428,456,28,4,76,27,8,1,96,28,4,0,1759,560
"NJ",2004,10966,3223,4915,2050,27,14,1285,490,59,22,1711,861,2,0,18965,6660
"NM",2004,262,123,1218,672,481,288,1845,992,4,2,174,161,8,5,3992,2243
"NV",2004,1853,896,3632,1715,118,50,1261,706,97,63,35,20,94,45,7090,3495
"NY",2004,22653,5179,10349,3594,148,64,9312,2428,249,84,6760,1356,NA,NA,49471,12705
"OH",2004,14386,5462,16075,7165,131,43,669,306,57,24,241,146,19,6,31578,13152
"OK",2004,3930,1523,7608,3064,3940,1587,1130,526,104,43,4,1,101,58,16817,6802
"OR",2004,1006,314,8322,3024,1692,772,1468,631,101,36,1870,744,44,23,14503,5544
"PA",2004,16231,6182,14602,6688,65,30,2425,1090,174,77,1071,507,1,0,34569,14574
"PR",2004,1811,421,68,21,26,7,7639,1684,15,1,15,0,27,4,9601,2138
"RI",2004,917,359,2112,894,58,20,605,274,83,35,94,63,7,4,3876,1649
"SC",2004,4087,1443,3439,1517,17,8,198,112,15,9,14,13,16,6,7786,3108
"SD",2004,123,51,907,431,1587,739,85,42,10,4,2,2,7,5,2721,1274
"TN",2004,4763,1960,8893,4285,39,18,500,297,49,29,207,113,16,13,14467,6715
"TX",2004,10249,3612,11817,4645,211,88,12648,5091,177,51,243,119,26,7,35371,13613
"UT",2004,166,84,2565,1257,222,90,857,483,28,10,10,9,49,21,3897,1954
"VA",2004,4697,1461,4356,1685,18,10,450,214,44,19,50,20,24,9,9639,3418
"VT",2004,47,24,2089,790,4,3,19,4,3,1,27,18,1,0,2190,840
"WA",2004,2351,860,8931,3739,1836,765,1683,801,237,120,304,209,108,60,15450,6554
"WI",2004,5274,1797,5786,2911,468,250,852,404,172,92,260,180,14,9,12826,5643
"WV",2004,597,248,4430,1999,7,5,52,27,1,1,170,117,16,5,5273,2402
"WY",2004,81,36,1666,894,56,32,196,122,5,1,98,67,1,1,2103,1153
"AK",2003,237,60,725,246,1735,582,63,32,17,3,44,20,NA,NA,2821,943
"AL",2003,4290,1374,4414,1769,13,5,148,84,12,4,19,10,1,0,8897,3246
"AR",2003,2222,1156,3850,2196,84,42,191,125,24,18,21,8,33,16,6425,3561
"AZ",2003,1670,794,5639,2771,720,401,3867,1996,76,43,271,187,22,16,12265,6208
"CA",2003,39392,8907,33939,11639,3237,1138,48092,16462,3324,1313,316,250,531,210,128831,39919
"CO",2003,2314,965,8051,3817,419,197,5059,2559,123,51,29,4,43,20,16038,7613
"CT",2003,3512,1234,3073,1214,40,20,2257,888,62,27,77,48,11,4,9032,3435
"DC",2003,3276,450,12,5,1,0,62,17,7,1,491,246,NA,NA,3849,719
"DE",2003,988,512,552,309,3,3,77,35,1,1,1,1,NA,NA,1622,861
"FL",2003,22460,8101,24920,10487,197,67,4158,1665,173,73,291,121,63,35,52262,20549
"GA",2003,12497,5230,9809,4632,32,16,955,559,99,51,116,73,15,7,23523,10568
"HI",2003,264,134,481,228,165,84,45,17,2044,921,227,144,1774,821,5000,2349
"IA",2003,1316,684,7576,4074,252,117,536,290,100,70,929,479,25,22,10734,5736
"ID",2003,51,27,1900,995,213,71,303,174,9,4,18,16,8,5,2502,1292
"IL",2003,19001,3111,7322,2208,32,11,1593,315,38,11,622,138,NA,NA,28608,5794
"IN",2003,4945,1936,7862,3718,232,119,535,257,37,20,39,27,11,7,13661,6084
"KS",2003,1722,498,5500,1835,106,64,370,100,28,17,334,159,6,4,8066,2677
"KY",2003,2283,935,8901,4151,57,26,78,26,28,17,515,317,6,4,11868,5476
"LA",2003,4275,1593,2981,1160,28,4,45,15,38,13,38,22,2,2,7407,2809
"MA",2003,4097,1345,9293,3224,96,32,4152,1402,400,144,690,351,19,9,18747,6507
"MD",2003,10898,2265,3177,997,28,12,221,73,46,9,208,114,5,0,14583,3470
"ME",2003,99,20,3004,723,69,15,88,26,21,3,409,117,3,0,3693,904
"MI",2003,15974,4544,12623,4464,522,164,998,370,86,35,78,33,79,40,30360,9650
"MN",2003,3816,1966,7717,4249,2050,999,835,493,390,258,139,104,18,11,14965,8080
"MO",2003,5818,1603,12035,4473,78,29,312,141,54,18,159,74,4,4,18460,6342
"MS",2003,2178,735,1736,628,5,2,45,23,7,4,271,178,3,0,4245,1570
"MT",2003,66,33,1636,616,1018,400,91,43,8,3,130,79,3,1,2952,1175
"NC",2003,6516,2173,6835,2711,320,150,745,339,62,30,33,15,90,43,14601,5461
"ND",2003,94,55,1275,662,632,265,87,53,23,12,NA,NA,5,3,2116,1050
"NE",2003,1299,343,5451,1944,675,264,694,279,31,17,141,57,4,3,8295,2907
"NH",2003,109,32,1518,454,33,11,90,33,8,2,66,45,6,1,1830,578
"NJ",2003,10866,3644,4659,2115,25,5,1162,441,61,23,1471,766,2,0,18246,6994
"NM",2003,226,95,1029,615,434,236,1619,842,5,2,154,145,8,6,3475,1941
"NV",2003,1691,848,3370,1574,127,55,1052,610,80,42,72,38,79,35,6471,3202
"NY",2003,24926,5723,10822,3778,130,46,9860,2752,265,90,7917,1209,NA,NA,53920,13598
"OH",2003,15761,5845,16681,7504,172,72,702,349,70,40,344,169,30,18,33760,13997
"OK",2003,3348,1384,7137,3240,3498,1554,852,429,70,39,30,17,79,50,15014,6713
"OR",2003,970,242,7951,2809,1297,537,1306,520,107,46,1762,810,37,12,13430,4976
"PA",2003,15380,5208,14223,6322,48,16,2139,967,153,68,887,458,NA,NA,32830,13039
"PR",2003,1869,484,59,12,28,0,8189,2143,21,5,14,1,38,7,10218,2652
"RI",2003,880,358,2030,863,52,16,579,251,86,38,67,38,5,3,3699,1567
"SC",2003,4311,1592,3585,1682,17,11,177,90,29,16,14,12,21,13,8154,3416
"SD",2003,121,64,849,447,1568,803,76,50,10,8,NA,NA,4,3,2628,1375
"TN",2003,4600,1792,8519,4111,44,23,406,215,34,14,167,148,5,2,13775,6305
"TX",2003,9695,3079,10681,4043,190,79,11105,4119,199,78,227,97,28,18,32125,11513
"UT",2003,199,82,2500,1264,233,110,798,424,31,12,54,14,39,22,3854,1928
"VA",2003,4733,1487,4268,1631,18,6,372,178,41,11,51,28,20,10,9503,3351
"VT",2003,37,12,2087,695,3,1,17,5,4,0,17,12,2,0,2167,725
"WA",2003,2377,852,9267,3677,1763,655,1531,689,256,124,240,166,82,33,15516,6196
"WI",2003,5550,1426,5520,2814,423,226,823,358,195,94,128,88,12,4,12651,5010
"WV",2003,602,250,4411,1892,4,1,45,19,6,2,250,173,19,10,5337,2347
"WY",2003,72,38,1554,828,49,27,155,90,8,6,62,45,1,1,1901,1035
"AK",2002,281,113,804,314,1721,587,49,27,20,6,41,21,NA,NA,2916,1068
"AL",2002,4141,1302,4291,1760,11,3,91,46,20,4,20,10,1,0,8575,3125
"AR",2002,2061,989,3783,2151,60,26,189,143,27,18,28,9,19,14,6167,3350
"AZ",2002,1503,573,5067,2315,664,336,3409,1630,67,25,230,160,11,10,10951,5049
"CA",2002,42031,9001,35350,11521,3212,1067,48437,16124,3378,1314,267,187,502,211,133177,39425
"CO",2002,2459,1072,7731,3905,392,167,4757,2491,142,78,34,1,37,24,15552,7738
"CT",2002,3374,1026,2995,981,31,6,2140,672,49,24,66,34,16,10,8671,2753
"DC",2002,3228,521,17,9,2,2,53,16,9,3,408,261,NA,NA,3717,812
"DE",2002,1097,539,588,303,2,2,120,69,4,3,NA,NA,2,2,1813,918
"FL",2002,21618,8039,23235,10703,174,70,3769,1685,146,72,324,214,37,17,49303,20800
"GA",2002,12373,4868,9197,4380,29,13,766,395,97,48,101,57,15,5,22578,9766
"HI",2002,214,108,523,264,135,59,53,22,1914,909,212,142,1670,727,4721,2231
"IA",2002,1251,615,7624,4067,226,90,505,267,76,40,1201,742,1,0,10884,5821
"ID",2002,41,14,1799,985,184,72,246,123,4,4,14,14,5,1,2293,1213
"IL",2002,22258,3189,7518,2157,36,5,1804,409,41,7,669,206,NA,NA,32326,5973
"IN",2002,4942,1932,7396,3418,224,97,418,194,40,14,29,16,7,5,13056,5676
"KS",2002,1630,449,5487,1997,73,24,398,129,26,9,282,156,2,2,7898,2766
"KY",2002,2221,847,8243,3886,34,15,83,31,16,11,620,459,3,1,11220,5250
"LA",2002,4616,1631,3044,1258,31,13,62,32,35,17,36,22,1,1,7825,2974
"MA",2002,3998,1372,8993,3267,110,24,3946,1412,391,174,604,302,16,4,18058,6555
"MD",2002,11654,2278,3322,1104,22,6,215,90,53,14,139,71,6,0,15411,3563
"ME",2002,113,28,2802,541,77,22,83,7,22,7,724,244,3,1,3824,850
"MI",2002,16395,4689,12921,4643,566,221,989,354,95,43,71,30,41,39,31078,10019
"MN",2002,4290,2368,9488,5635,2322,1188,870,545,500,349,262,221,20,11,17752,10317
"MO",2002,6485,1938,12290,4913,61,26,294,133,56,28,183,100,2,1,19371,7139
"MS",2002,2240,776,1756,650,5,2,38,18,6,3,144,126,7,7,4196,1582
"MT",2002,56,34,1787,681,1086,431,98,49,9,4,154,105,2,2,3192,1306
"NC",2002,6878,2269,6761,2785,340,136,745,313,62,36,31,18,114,58,14931,5615
"ND",2002,86,42,1237,644,649,306,71,43,14,6,NA,NA,4,3,2061,1044
"NE",2002,1476,443,5819,2257,708,287,719,285,49,24,146,54,2,1,8919,3351
"NH",2002,101,31,1558,488,29,5,77,25,10,2,24,10,4,2,1803,563
"NJ",2002,10263,3322,4099,1674,34,10,1111,371,64,37,1250,638,3,0,16824,6052
"NM",2002,235,109,980,601,459,283,1607,850,10,10,114,112,4,3,3409,1968
"NV",2002,1453,742,3324,1579,115,55,995,674,75,42,233,102,80,45,6275,3239
"NY",2002,27126,6935,11256,4142,146,64,10244,3025,291,101,9597,1165,NA,NA,58660,15432
"OH",2002,16963,6284,16992,7958,166,67,700,318,71,38,548,312,19,5,35459,14982
"OK",2002,3329,1371,7399,3399,3485,1580,766,466,64,40,34,21,63,46,15140,6923
"OR",2002,1159,305,8107,2804,1029,487,1198,517,95,41,2107,914,52,27,13747,5095
"PA",2002,15947,5647,14418,6557,51,18,2734,1312,151,66,133,84,NA,NA,33434,13684
"PR",2002,1928,661,66,20,34,19,8440,2745,18,13,18,7,41,18,10545,3483
"RI",2002,842,315,2125,883,61,25,554,272,74,35,84,52,2,0,3742,1582
"SC",2002,4619,1777,3361,1594,18,7,158,106,19,8,33,32,17,13,8225,3537
"SD",2002,81,50,784,413,1624,850,43,25,8,2,5,5,4,3,2549,1348
"TN",2002,5116,1740,9133,4001,41,16,381,204,49,22,77,60,5,4,14802,6047
"TX",2002,9546,3548,10070,3884,142,54,10275,4066,177,81,227,119,24,14,30461,11766
"UT",2002,200,105,2392,1277,219,107,753,409,30,11,501,240,48,28,4143,2177
"VA",2002,4793,1507,4142,1553,26,8,326,146,56,24,55,26,15,10,9413,3274
"VT",2002,39,10,2106,801,4,1,17,11,5,0,10,9,2,0,2183,832
"WA",2002,2434,858,9638,4146,1795,620,1578,731,280,139,229,168,89,42,16043,6704
"WI",2002,5934,1479,5430,2857,418,208,781,329,200,120,72,55,14,6,12849,5054
"WV",2002,630,227,4774,1951,7,3,64,30,9,2,218,132,20,13,5722,2358
"WY",2002,52,28,1492,751,47,29,136,76,5,2,48,38,NA,NA,1780,924
"AK",2001,293,94,795,272,1786,595,41,9,30,11,44,18,NA,NA,2989,999
"AL",2001,4149,1150,3872,1485,11,3,65,23,17,7,15,4,1,0,8130,2672
"AR",2001,2172,1015,3736,2131,58,51,121,78,27,18,76,43,13,11,6203,3347
"AZ",2001,1612,517,5073,2186,702,332,3156,1320,61,20,162,128,13,12,10779,4515
"CA",2001,47349,10202,42941,14678,3054,1021,52663,16854,3132,1229,1398,906,727,286,151264,45176
"CO",2001,2002,1028,6140,3500,328,173,3450,2052,106,69,300,178,12,7,12338,7007
"CT",2001,3491,957,3008,909,36,12,2166,682,54,27,87,32,12,3,8854,2622
"DC",2001,3431,650,13,4,NA,NA,39,15,8,4,238,149,NA,NA,3729,822
"DE",2001,1176,548,628,329,3,1,131,60,1,1,NA,NA,NA,NA,1939,939
"FL",2001,22711,7664,22525,9414,168,39,3723,1352,169,67,206,127,36,10,49538,18673
"GA",2001,11624,4677,7903,3888,37,11,661,378,86,46,99,54,18,11,20428,9065
"HI",2001,194,109,503,247,120,66,66,29,1700,897,153,84,1668,673,4404,2105
"IA",2001,1250,640,7724,4136,247,123,476,266,91,43,1125,621,1,0,10914,5829
"ID",2001,45,17,1747,975,179,78,214,128,8,6,4,4,1,1,2198,1209
"IL",2001,25937,3496,7875,2228,46,11,1963,412,50,19,681,184,NA,NA,36552,6350
"IN",2001,5138,1838,7276,3201,204,111,425,198,37,26,37,22,5,3,13122,5399
"KS",2001,1763,501,5677,2060,78,30,399,105,39,11,252,125,2,2,8210,2834
"KY",2001,2278,813,7673,3525,26,15,67,23,12,2,334,210,4,2,10394,4590
"LA",2001,5047,1771,3015,1176,25,5,54,23,25,11,38,24,4,4,8208,3014
"MA",2001,3278,1101,8317,3150,140,36,3152,1029,332,150,2980,1704,5,4,18204,7174
"MD",2001,12036,2559,3185,976,25,10,208,63,53,17,115,36,6,1,15628,3662
"ME",2001,100,33,2914,631,78,27,82,24,21,0,740,329,6,3,3941,1047
"MI",2001,1134,1134,1025,1025,42,42,73,73,7,7,26926,10001,1,1,29208,12283
"MN",2001,4155,2114,9578,5739,2172,1112,768,483,431,303,317,247,15,14,17436,10012
"MO",2001,6893,2066,11694,5043,61,27,260,144,59,28,128,84,2,0,19097,7392
"MS",2001,2865,1103,2184,925,2,1,32,19,9,4,43,42,NA,NA,5135,2094
"MT",2001,52,18,2004,839,1164,488,94,34,7,2,183,124,1,1,3505,1506
"NC",2001,7278,2173,6667,2519,398,149,848,355,57,33,27,2,94,70,15369,5301
"ND",2001,69,50,1229,638,628,291,48,22,14,9,1,0,6,3,1995,1013
"NE",2001,1393,467,5910,2277,703,224,707,306,46,19,131,57,NA,NA,8890,3350
"NH",2001,89,24,1525,457,28,7,78,26,10,5,24,15,2,0,1756,534
"NJ",2001,9396,3024,3712,1526,43,7,1060,327,35,24,1020,524,2,1,15268,5433
"NM",2001,254,99,1005,527,518,365,1660,840,11,8,46,44,6,4,3500,1887
"NV",2001,1513,851,3244,1646,101,66,800,574,79,50,209,114,66,37,6012,3338
"NY",2001,27539,6520,11245,4187,150,57,10247,2964,289,126,12597,1281,NA,NA,62067,15135
"OH",2001,17616,7389,16709,8049,182,75,661,312,84,47,448,277,20,8,35720,16157
"OK",2001,3313,1303,7284,3340,3197,1421,603,340,49,36,50,24,42,23,14538,6487
"OR",2001,1222,313,8229,2645,781,323,1109,416,105,30,2069,785,38,25,13553,4537
"PA",2001,16592,5818,14210,6412,48,15,2492,1097,178,87,141,80,NA,NA,33661,13509
"PR",2001,1723,609,55,15,18,2,7612,2603,7,4,4,0,30,21,9449,3254
"RI",2001,828,310,2116,878,50,22,484,220,67,34,68,29,2,0,3615,1493
"SC",2001,4578,1818,3116,1470,23,14,122,79,29,12,1,1,12,11,7881,3405
"SD",2001,54,29,762,398,1628,861,61,40,8,6,24,22,2,1,2539,1357
"TN",2001,5329,1705,8933,3700,39,17,313,155,64,24,87,64,3,2,14768,5667
"TX",2001,9093,3117,9462,3557,139,33,9535,3788,142,82,207,92,16,11,28594,10680
"UT",2001,177,60,2017,856,192,70,751,406,31,8,761,582,37,24,3966,2006
"VA",2001,4607,1326,3916,1401,22,15,298,114,51,13,55,30,10,5,8959,2904
"VT",2001,42,26,1877,694,4,0,7,0,9,5,7,2,1,0,1947,727
"WA",2001,2372,865,9238,4396,1755,760,1460,741,277,155,368,315,69,41,15539,7273
"WI",2001,6182,1411,5976,3067,437,207,711,316,186,113,43,37,12,7,13547,5158
"WV",2001,630,208,4734,1858,6,4,56,21,11,6,192,132,9,5,5638,2234
"WY",2001,62,27,1455,801,37,17,150,81,8,5,43,25,NA,NA,1755,956
"AK",2000,290,92,903,311,1735,629,60,16,24,5,94,43,NA,NA,3106,1096
"AL",2000,4215,1253,3634,1362,11,1,67,31,11,7,17,7,NA,NA,7955,2661
"AR",2000,2441,1134,3977,2226,36,18,126,65,19,13,120,82,5,4,6724,3542
"AZ",2000,1747,588,5588,2248,663,294,3339,1377,62,22,131,115,1,0,11531,4644
"CA",2000,50619,9982,49717,15347,2268,735,55007,17157,3622,1462,1132,858,554,144,162919,45685
"CO",2000,1847,814,6420,3283,356,172,3409,1915,115,62,898,696,NA,NA,13045,6942
"CT",2000,3860,1024,3180,985,31,18,2282,671,63,25,114,49,9,4,9539,2776
"DC",2000,3191,662,9,2,NA,NA,30,18,7,3,132,90,NA,NA,3369,775
"DE",2000,1227,585,623,311,4,4,126,50,1,0,2,0,NA,NA,1983,950
"FL",2000,24927,7889,22592,9168,165,52,4054,1499,181,65,157,76,42,16,52118,18765
"GA",2000,9398,3850,5789,2820,66,28,411,248,58,32,134,48,4,2,15860,7028
"HI",2000,142,82,491,217,78,42,65,23,1302,725,173,128,1832,712,4083,1929
"IA",2000,1185,576,7502,4033,199,94,412,221,98,57,1085,638,1,1,10482,5620
"ID",2000,50,25,1517,864,175,72,212,106,4,2,66,57,2,1,2026,1127
"IL",2000,29021,3857,7920,2137,48,9,2135,387,52,12,697,205,NA,NA,39873,6607
"IN",2000,5018,1889,7069,3415,189,96,317,140,21,12,39,21,7,3,12660,5576
"KS",2000,1785,602,5782,2316,105,28,439,120,43,21,202,104,1,0,8357,3191
"KY",2000,2113,707,6778,3155,26,19,57,28,18,9,385,206,4,4,9381,4128
"LA",2000,5311,1844,3092,1256,29,4,71,33,22,7,27,13,NA,NA,8552,3157
"MA",2000,3324,1117,8475,3328,62,25,3227,1169,311,147,2610,1593,2,2,18011,7381
"MD",2000,12472,2749,3324,1029,20,3,208,80,57,23,138,42,4,2,16223,3928
"ME",2000,84,27,3080,639,66,17,76,17,26,11,578,339,2,2,3912,1052
"MN",2000,4610,2494,10129,6141,2214,1104,761,482,490,359,258,219,5,4,18467,10803
"MO",2000,7299,2280,10970,4711,53,16,215,110,66,46,84,50,3,3,18690,7216
"MS",2000,2887,1084,2099,905,1,0,17,13,11,1,3,2,NA,NA,5018,2005
"MT",2000,55,22,2072,884,1109,537,99,45,12,6,159,94,NA,NA,3506,1588
"NC",2000,7472,2354,6491,2557,397,208,835,285,48,19,43,7,42,28,15328,5458
"ND",2000,52,25,1212,625,638,309,60,38,14,6,1,0,3,3,1980,1006
"NE",2000,1290,451,5463,2127,649,233,622,256,40,26,124,41,NA,NA,8188,3134
"NH",2000,86,29,1554,399,23,2,85,25,11,5,40,24,2,0,1801,484
"NJ",2000,8517,2544,3374,1305,60,22,1101,349,26,11,817,423,NA,NA,13895,4654
"NM",2000,302,127,1082,581,357,215,1732,831,10,4,25,20,3,2,3511,1780
"NV",2000,433,124,1163,405,36,10,193,63,26,7,128,56,23,8,2002,673
"NY",2000,29359,6473,11245,4152,154,65,10286,2600,254,99,16154,3216,NA,NA,67452,16605
"OH",2000,16909,6977,16269,7797,196,68,650,303,79,48,371,195,22,8,34496,15396
"OK",2000,3211,1339,6956,3279,2905,1530,538,298,42,33,66,43,44,36,13762,6558
"OR",2000,1265,300,8360,2591,711,256,1098,469,111,49,2189,1003,22,7,13756,4675
"PA",2000,16587,5032,13991,6040,40,15,2635,1016,153,43,151,89,NA,NA,33557,12235
"RI",2000,809,280,2083,817,51,18,491,241,64,21,88,30,4,2,3590,1409
"SC",2000,4500,1668,3005,1403,19,5,98,65,31,21,1,1,9,9,7663,3172
"SD",2000,67,45,690,452,1427,891,56,40,6,5,10,7,1,1,2257,1441
"TN",2000,5444,1731,8657,3537,35,17,258,118,61,26,57,49,2,2,14514,5480
"TX",2000,8528,2966,8719,3393,152,60,8445,3303,123,57,197,85,8,5,26172,9869
"UT",2000,104,43,1662,715,172,64,648,394,24,14,1448,910,11,8,4069,2148
"VA",2000,4475,1215,3742,1376,9,4,257,91,69,28,50,20,7,4,8609,2738
"VT",2000,42,22,1957,698,6,2,12,3,10,5,7,3,2,2,2036,735
"WA",2000,2547,941,9621,4717,1808,799,1519,743,280,162,243,191,56,37,16074,7590
"WI",2000,6431,1986,6574,3348,551,248,651,276,219,127,14,13,10,3,14450,6001
"WV",2000,657,239,4698,1959,5,0,53,22,6,3,216,162,9,7,5644,2392
"WY",2000,69,26,1395,720,52,31,176,104,9,6,42,27,3,2,1746,916
"MI",2000,NA,NA,NA,NA,NA,NA,NA,NA,NA,NA,27836,10707,NA,NA,27836,10707
