"STATEFIP","YEAR","tot","wht","wht.child","wht.child.pov","wht.lessHS","blk","blk.child","blk.child.pov","blk.lessHS","amind","amind.child","amind.child.pov","amind.lessHS","latino","latino.child","latino.child.pov","latino.lessHS","foreign","foreign.child","foreign.child.pov","foreign.lessHS","child","child.pov","adult"
1,2007,4585900,3145614,686909,103598,377881,1214217,349563,152024,181220,21625,4907,1178,3656,71499,18653,6436,12127,152870,19814,5758,26802,1116236,280214,3469664
1,2008,4625354,3175762,692355,102939,363628,1209977,338375,140234,172185,21832,5381,1086,3763,72400,18606,6518,12138,156160,18403,4887,28633,1118398,268466,3506956
1,2009,4674628,3190282,690758,101149,353278,1217295,337525,140396,167055,22778,5637,1188,3926,73205,18771,6850,12273,170084,20734,5686,32180,1127433,271933,3547195
1,2010,4753812,3200315,680325,104537,340252,1246808,347647,150655,164637,26374,6681,1475,4456,73366,19033,7295,11905,194986,22322,6359,41096,1133702,288706,3620110
1,2011,4782021,3204959,673320,112807,335897,1258836,347155,157707,163673,26489,6356,2054,4450,74149,18752,7631,12353,200423,22873,7022,45883,1129979,309375,3652042
1,2012,4803488,3206849,667709,116396,325294,1271897,345671,161347,160642,26305,5917,1727,4276,73833,18235,7666,12004,199826,21702,6950,45008,1128594,318575,3674894
1,2013,4817624,3207868,660036,113401,311692,1272313,337096,157031,153926,24002,5056,1027,3449,73937,17843,7519,11713,197235,18549,6334,39349,1117908,317027,3699716
1,2014,4817678,3207231,660278,116903,310108,1270246,336429,157631,156462,26181,6067,1654,3982,122947,30004,12673,19553,197704,18843,5857,42413,1117419,319968,3700259
2,2007,676778,450148,104477,9277,16674,27009,9668,2579,1384,90466,29036,8728,10468,9771,3282,1134,1276,54419,6112,793,7929,183698,27570,493080
2,2008,681235,452070,101481,8729,16155,22336,5756,1000,1375,91041,29029,8194,10397,9903,3344,1255,1336,55038,5534,654,7298,178872,25932,502363
2,2009,689633,450070,101223,8557,15479,26245,7255,518,1355,93388,30033,7191,9776,9999,3352,1204,1316,58915,6446,760,7061,182207,24010,507426
2,2010,700113,448953,98347,9656,15470,23912,6843,254,1015,99028,33255,7966,9532,10281,3465,1305,1415,60600,5989,793,8467,185322,25658,514791
2,2011,711920,455860,99085,10682,14283,25351,7262,456,1179,100863,32304,8533,9181,10680,3592,1433,1536,59287,5607,1381,8684,187751,27956,524169
2,2012,723120,459922,97705,10073,13440,26054,6636,823,1404,103000,32781,10004,10125,10896,3711,1540,1604,58695,6723,1078,8875,187329,29535,535791
2,2013,729603,460194,96654,9010,12970,26531,6500,902,2328,103040,32312,10385,10466,10794,3675,1547,1538,57027,6703,907,8308,187440,28579,542163
2,2014,728300,458532,96296,8849,13803,25704,6416,905,1605,102931,33366,10289,10219,17930,6054,2514,2562,60546,7075,1152,9220,187878,29448,540422
4,2007,6152175,3664416,715556,70588,207250,209057,68095,20532,15846,276274,94792,41458,41202,112491,59047,46930,49319,984763,112579,39953,300017,1614102,340390,4538073
4,2008,6343952,3729401,721921,69490,201808,223196,71885,21020,16435,287849,97910,40795,41122,114909,60588,48383,50648,1009815,106225,38476,319924,1668716,353820,4675236
4,2009,6485798,3745935,726883,75563,200187,242493,77165,23739,17615,288665,95802,40618,43616,115908,61036,48985,51210,1020656,98414,37652,323513,1713716,381773,4772082
4,2010,6345751,3690771,685221,83830,184755,253035,75343,22657,17431,280640,93412,40590,41180,117315,61568,49845,51750,936869,85387,33609,283554,1628951,386987,4716800
4,2011,6412940,3701785,675978,97767,184432,259410,77544,22938,16451,285614,93035,44108,41338,119369,62120,51149,52844,931118,78707,31417,280235,1627222,420288,4785718
4,2012,6477128,3715372,669095,103730,178850,269471,78898,24145,16610,289468,92957,43448,39088,122461,64265,53457,54963,935311,73553,30488,282405,1622707,440272,4854421
4,2013,6548856,3732154,664671,102333,172112,275670,78670,25314,17784,287119,89884,43994,38621,124294,65244,54425,55827,947131,68814,27681,287905,1616275,449830,4932581
4,2014,6561527,3734815,664956,98342,171052,275657,78137,25527,17146,289979,91166,42489,38587,205694,107549,89273,91722,955780,72634,28437,289045,1619865,437671,4941662
5,2007,2805353,2137026,468467,90098,248482,436012,137561,67160,57704,20047,5602,1630,3324,43933,12607,5622,8749,127326,16942,5644,35438,695258,187543,2110095
5,2008,2830047,2145855,466191,84894,240637,436480,132374,63400,55986,19345,5655,1694,2359,44682,12797,5749,8701,127852,15658,5549,37149,698149,181298,2131898
5,2009,2866470,2160039,471114,85906,230796,440625,130729,64624,57188,17740,5466,1590,1777,45104,12868,5961,8903,135071,15743,5440,40628,706633,187572,2159837
5,2010,2897671,2166915,466408,90403,219618,449629,134369,65184,57273,18239,4881,1456,1668,45260,12832,6066,8824,140534,15897,6038,42078,709300,194973,2188371
5,2011,2918803,2174721,463589,94204,213015,453326,134860,63949,56959,19228,4828,1135,2067,45497,12686,6095,8809,145575,18255,6548,43838,709166,198701,2209637
5,2012,2936822,2179666,462021,99129,200791,459273,135960,61901,54819,18251,3595,1101,1936,45634,12569,6112,8516,146381,17741,5271,42410,710845,199404,2225977
5,2013,2949238,2180466,459256,100282,196010,460191,134362,61383,52231,16876,3512,1177,2102,46031,12567,6236,8557,149580,16323,4518,44345,710531,202499,2238707
5,2014,2947029,2178593,459172,98961,195352,458881,134279,62456,51523,18284,4012,1121,1987,76537,21101,10514,14196,153340,17264,5152,44516,709358,200636,2237671
6,2007,36264467,15588981,2927123,260024,840725,2281366,638435,192658,192770,260763,62175,16292,37982,675873,395478,330952,346175,10154199,723913,220756,3082108,9417282,1812072,26847185
6,2008,36418499,15491507,2868480,254434,792419,2263310,607541,181079,183678,285329,68187,17142,43515,686975,404404,341470,356638,10158723,680827,197711,3101684,9382611,1783218,27035888
6,2009,36589387,15359162,2805348,259003,755871,2245719,588066,178372,178999,289887,70417,20445,45983,694970,411264,350083,364460,10184751,655659,190109,3131008,9435684,1855630,27153703
6,2010,36971641,15012247,2600497,262464,728003,2249245,572427,178659,177526,291820,74386,22918,47814,707074,421181,361892,375810,10411538,652687,199757,3200000,9309795,1980281,27661846
6,2011,37330448,14963192,2541531,269261,702706,2247235,560676,186079,171837,283978,72034,23996,44631,726221,435488,378607,392881,10516204,631025,204484,3246181,9283341,2100454,28047107
6,2012,37686586,14930774,2497309,286005,679047,2259683,547425,191565,170733,280771,70852,24524,42308,740338,447469,392313,406251,10592996,606579,201071,3267038,9260308,2209879,28426278
6,2013,38000360,14910586,2463728,291751,649726,2266456,536885,195346,168927,279301,68850,25213,43053,748572,452596,398493,412087,10650885,574865,189462,3275383,9205393,2234246,28794967
6,2014,38066920,14909090,2466268,286734,653436,2260315,536565,192947,166329,281571,69172,23683,42933,1242085,749397,657986,680408,10698479,586895,189164,3280002,9209075,2200972,28857845
8,2007,4767161,3408920,718257,64340,139531,181611,53590,17402,13764,44599,11182,3096,5422,82522,35808,23846,25211,537079,66000,17884,140152,1172439,191587,3594722
8,2008,4844568,3449069,720762,64132,135024,183307,53086,15924,15030,44637,11317,2968,5698,84185,36557,24543,25945,545013,65229,18963,143022,1192044,198682,3652524
8,2009,4934074,3496472,722054,63428,125516,191592,55473,18298,14467,47748,12263,2811,5457,85120,36889,24964,26305,544966,59488,16736,145154,1216024,211100,3718050
8,2010,4970333,3489284,711767,66165,116687,195551,53320,17582,15410,48319,12342,3301,6038,86291,37511,25839,27093,548465,58443,16582,144620,1216934,212907,3753399
8,2011,5045562,3525799,708049,69321,115101,199576,52977,20930,14609,50394,12945,4566,5447,87813,38229,27043,28032,552246,54195,15283,142124,1223672,223482,3821890
8,2012,5117453,3563968,707237,74114,111881,206039,56131,22535,14639,49625,13127,5236,5876,88935,38575,27566,28527,563009,55833,15850,140421,1228278,231336,3889175
8,2013,5192076,3604559,707197,71124,111509,211710,55611,22812,15032,47463,12497,5111,5465,90316,38968,27851,28730,570587,55226,15815,142193,1232587,230355,3959489
8,2014,5197581,3605808,707782,70872,111492,209583,55441,20828,14885,50761,13198,5073,5941,150243,64850,46094,47740,575004,54751,15260,144899,1234543,225249,3963038
9,2007,3494851,2605425,547265,27989,166636,323148,95478,23160,36235,8283,2129,377,1375,56583,19651,9746,12162,459049,40210,6119,79777,822543,96995,2672308
9,2008,3493006,2590345,536402,28538,153611,322106,91224,22680,36168,8264,2215,619,1538,57249,19896,10198,12627,472592,39062,5460,80851,816696,99751,2676310
9,2009,3503285,2572239,525440,27669,145408,330995,92618,24803,37489,8524,2112,544,1368,57643,20246,10741,13028,482437,40694,6536,84344,815467,102133,2687818
9,2010,3561486,2554577,508678,28926,140505,350009,95793,27502,39498,7804,1866,583,995,58284,20699,11420,13572,505246,42641,7158,92271,821355,110247,2740131
9,2011,3572672,2540426,495855,30404,134998,357977,98148,29846,38373,7614,1939,577,999,59588,21281,12340,14438,504684,41742,6555,93915,813058,116000,2759614
9,2012,3584561,2528589,483832,30792,129887,364701,98433,32252,35076,7723,2073,437,1277,60426,21595,12993,15033,509568,39225,5022,89241,804470,121885,2780091
9,2013,3592264,2512141,470857,30051,124069,370222,97891,32031,33963,8608,2327,568,1327,60787,21620,13212,15196,520901,37613,4478,87463,794621,125274,2797643
9,2014,3592053,2507740,470609,29973,124630,368714,97695,30739,33801,7914,2000,576,1098,100620,35722,21634,24897,521408,39353,5298,89080,794748,120263,2797305
10,2007,852689,589745,122376,8874,47666,174936,49988,15796,18177,1963,340,52,416,12831,3722,1552,2267,68688,6929,995,11814,204158,32748,648531
10,2008,861804,589622,119086,8286,43603,176857,49882,15998,18016,2330,358,37,370,13037,3696,1593,2276,71184,7589,1479,12239,205311,33999,656493
10,2009,875410,593988,119475,8682,41809,180348,49619,15331,17305,2850,382,63,510,13230,3787,1698,2335,74478,8569,1526,13258,206432,34365,668978
10,2010,891791,587492,111042,10434,40443,189472,54995,17046,17914,3557,351,121,554,13377,3823,1801,2414,80421,8545,2233,14816,205845,37948,685946
10,2011,899552,588353,109150,11306,41836,192550,53953,15845,17321,2670,284,82,278,13765,4023,1885,2467,82097,6847,1288,14294,205425,38867,694127
10,2012,908351,589012,107677,11768,41720,196094,53603,15874,17555,2541,394,114,185,14008,3988,1949,2587,82544,6265,1523,13749,205204,38414,703147
10,2013,916929,590209,106143,10600,40504,198246,52789,14363,17499,3304,715,80,554,14139,4007,2030,2650,84494,5144,1241,14122,204332,39160,712597
10,2014,917060,590232,106300,11622,39516,198588,53194,15677,17377,3261,497,145,575,23489,6669,3388,4330,83602,5822,1345,14084,204544,39762,712516
11,2007,585267,183381,19090,876,2156,325963,78845,30517,46648,1915,243,0,225,8633,2384,1395,1700,76826,4172,508,15765,114757,34247,470510
11,2008,588373,190001,20445,763,1805,320692,75096,28028,42310,1917,375,63,145,8831,2299,1428,1753,80448,4264,617,15910,112053,31228,476320
11,2009,592047,193370,21470,801,1618,321129,74150,28314,39570,1369,192,69,103,8855,2368,1447,1751,80423,4960,654,14607,113510,31551,478537
11,2010,592306,201714,16953,348,1380,307342,69030,28327,36913,1727,165,74,50,9094,2476,1578,1856,85298,4752,692,14807,101855,30981,490451
11,2011,605045,210750,18271,282,935,307653,67581,29207,37454,1627,197,62,46,9496,2537,1623,1863,87772,5009,663,14692,102868,31943,502177
11,2012,618777,217182,19533,181,731,311041,67482,27311,36883,1893,286,64,83,9923,2678,1745,2017,94006,5571,817,14712,105181,30862,513596
11,2013,633167,223834,20969,623,806,313444,67387,27047,35473,1736,306,85,41,10269,2679,1745,2016,99416,6356,917,13559,107598,31309,525569
11,2014,633736,223863,20712,440,998,314616,67842,27187,34267,1776,194,45,159,16949,4503,2940,3392,98441,6702,960,14757,107826,31002,525910
12,2007,18014927,11015030,2023719,223205,856388,2758460,841713,281666,365602,56571,11412,2509,8855,321941,140190,102675,115856,3548910,277028,61706,732319,4007167,751033,14007760
12,2008,18182321,11035191,2001359,225534,825106,2782393,824963,268092,365602,51734,10512,3176,7770,328371,144403,107650,120427,3584398,264963,58026,731015,4010767,748024,14171554
12,2009,18413246,11017805,1984368,241815,789586,2847771,834662,288664,373894,53140,11604,4053,8663,329962,145268,110021,122095,3633573,262515,60700,742287,4073343,810824,14339903
12,2010,18674425,10898960,1852741,256818,763458,2956416,858752,318774,379424,57763,13902,5436,9651,332633,147812,113599,124625,3778333,267113,66794,762692,4008667,894830,14665758
12,2011,18849600,10902065,1823274,271656,748682,3004325,853078,345627,379762,63785,15375,5005,10975,336955,149602,116806,127227,3845714,261921,72282,781028,3994273,969588,14855327
12,2012,19081930,10928093,1801187,285744,730959,3059187,852572,349449,373300,61740,14321,5009,9554,339922,151176,119525,129450,3923269,255548,77492,788086,3996797,1023825,15085133
12,2013,19319031,10955456,1785011,286710,717213,3113160,853919,350832,366175,57270,12759,4516,7984,342169,151482,120779,130591,3971803,250349,79150,777848,4012496,1039048,15306535
12,2014,19361792,10958402,1785923,283931,709839,3119820,856513,347427,368363,59475,13453,4282,9077,569981,253430,201627,217747,4011926,256259,77185,783115,4020188,1023154,15341604
13,2007,9331515,5504403,1275035,144106,515219,2757362,829973,291502,326040,22436,4701,854,4330,144641,47646,22022,30105,921828,102018,22973,192558,2469140,528972,6862375
13,2008,9509254,5565397,1282472,141234,495205,2815775,830576,281302,316374,22080,4384,915,3589,148592,48823,22976,30834,954173,104791,25454,202605,2512465,530809,6996789
13,2009,9687004,5595052,1281434,143424,475183,2894891,839254,282446,316306,21964,4255,1000,3090,150587,49392,23546,30980,973924,107318,29964,204752,2558275,556731,7128729
13,2010,9612759,5405677,1181503,147735,447534,2933291,858553,295907,302536,21460,4333,1270,2897,151907,49630,24470,31141,1018650,103760,30442,210470,2484425,584333,7128334
13,2011,9716069,5425558,1171165,164027,446649,2969817,851414,310433,299369,23136,5478,1513,2877,151818,48534,24967,31351,1032611,100887,31982,222852,2487681,629942,7228388
13,2012,9815725,5440911,1158392,178031,443124,3014149,847587,325945,295334,24892,6605,2012,3326,152217,47798,25516,31556,1037984,91337,28720,226057,2486083,669921,7329642
13,2013,9905993,5450708,1148240,177905,429290,3055604,845479,328317,288626,24488,6229,2264,2768,152729,47347,25511,31260,1051069,88740,28101,232580,2488267,681430,7417726
13,2014,9907756,5449670,1148112,174049,424401,3056278,846648,330071,293895,25307,6350,2102,3354,255765,80516,43160,52575,1055924,89759,27322,232212,2488333,676511,7419423
15,2007,1276534,314488,50873,4488,11725,28741,7804,101,462,3875,561,0,337,20828,6645,3292,4296,238688,21864,3478,42025,285039,35701,991495
15,2008,1280273,319285,52774,4962,10247,31409,7981,93,492,3675,464,58,224,21098,6726,3418,4391,240599,21816,3166,40372,285279,32669,994994
15,2009,1286497,321131,53073,4875,10219,30359,8126,782,520,3268,338,54,86,21461,6787,3506,4510,244977,20210,2449,38777,289897,33896,996600
15,2010,1347518,308363,40339,4318,9781,20660,4188,849,640,2948,125,62,96,21749,6904,3620,4580,266116,21591,2954,43058,301832,39845,1045686
15,2011,1361628,309578,40552,5308,10036,22503,4838,931,672,3648,565,0,173,22374,7093,3815,4693,268886,21363,4498,43757,304197,48269,1057431
15,2012,1378239,313277,40129,6482,8522,24042,4509,433,553,4047,709,101,372,22727,7293,4019,4785,273366,21656,4553,46815,303296,51320,1074943
15,2013,1390348,318736,41561,6074,7918,27000,5589,251,357,3363,521,64,428,23128,7339,4122,4923,274163,22651,4815,45801,305684,50908,1084664
15,2014,1392704,318740,41601,5667,8131,26546,5434,621,547,3155,433,57,278,38301,12334,6885,8107,273013,21818,4320,46012,306369,49421,1086335
16,2007,1463059,1253890,317149,45649,76383,8359,3840,1342,428,18729,5902,1890,2361,24047,8878,4341,4990,92032,13060,5285,28015,400272,72037,1062787
16,2008,1493713,1273877,316828,45291,73065,8902,3386,827,431,17458,5870,2023,1828,24679,9128,4546,5099,94879,12719,3967,28521,406766,71632,1086947
16,2009,1524182,1292342,320516,48484,72435,10035,4444,1203,539,17640,5338,1870,1745,25219,9436,4749,5262,99935,13176,4536,28661,414871,76269,1109311
16,2010,1553404,1309160,328747,50551,69699,9719,3548,1054,907,18506,5660,1892,2081,25710,9685,5073,5520,104535,12733,3929,30578,425788,80315,1127616
16,2011,1570176,1318868,328602,50829,68420,9322,3495,770,926,20670,6397,2722,2025,25962,9926,5317,5713,107348,12065,4567,32195,427958,83650,1142218
16,2012,1583422,1326204,327516,54903,66493,8686,2950,652,664,20386,6187,2457,2001,25622,9381,5195,5565,105682,10353,4310,33430,427417,88517,1156005
16,2013,1597222,1332512,325718,56991,63886,8411,2795,350,478,20429,6000,2137,2093,25570,9263,5172,5485,106935,10640,4557,32698,427358,89840,1169864
16,2014,1599464,1333699,326517,54918,63656,8733,2923,588,777,20389,6002,2321,2087,42805,15694,8729,9275,108725,10734,4172,33334,428138,87480,1171326
17,2007,12783049,8339533,1796121,159791,546292,1881210,568915,232358,211238,23202,5721,1208,3846,207836,77613,43903,51230,1808025,151347,35239,434685,3216757,567936,9566292
17,2008,12829014,8331127,1765487,158806,524419,1869226,547712,218112,208369,24877,6222,1139,3612,210310,78107,45081,52412,1830326,143840,31899,444056,3191425,560912,9637589
17,2009,12844259,8319598,1740887,165660,491271,1872071,537930,217429,206567,24363,4691,1040,3533,210999,78623,46372,53124,1802770,135091,27637,441838,3185615,581589,9658644
17,2010,12795658,8181352,1676790,173550,464036,1857164,528745,218899,198927,25421,5710,1521,3004,210925,78574,47410,53423,1832404,132192,28625,444806,3139970,607064,9655688
17,2011,12836004,8160496,1652116,187377,440730,1854812,517273,220069,192207,24770,5564,1714,2991,211578,78441,48565,54124,1843235,126735,32136,452697,3118213,645387,9717791
17,2012,12858490,8125825,1626530,187296,414958,1861743,508442,226068,186999,26642,6618,1426,3372,212345,78568,49818,55083,1854943,122859,34145,452096,3091209,657395,9767281
17,2013,12868770,8092675,1602487,189538,399326,1851288,491598,223763,176270,25987,6120,1388,3280,213702,79095,51161,56069,1871128,120149,31671,454744,3056944,658319,9811826
17,2014,12868747,8088505,1600940,186977,400775,1851573,494628,221420,180182,27545,6697,1653,3482,355124,131737,84544,92823,1868812,119210,31075,447623,3054401,647591,9814346
18,2007,6301687,5283443,1244680,175098,460824,545038,170185,67539,57908,13429,2439,755,2400,100887,29878,10949,16140,283594,32198,9028,61093,1589500,290578,4712187
18,2008,6335595,5284501,1232219,176659,444772,545655,164823,63658,57810,13840,2719,623,2153,102412,30295,11604,16568,287868,32874,8587,61773,1589953,294929,4745642
18,2009,6385845,5290369,1216065,181194,427551,555787,166829,69098,59010,13647,2218,397,2128,102954,30299,12033,16665,293988,31733,8184,63624,1589973,312581,4795872
18,2010,6458253,5281509,1198780,189817,413880,581503,177573,76374,56089,14415,2617,432,1880,103240,30548,12941,16930,316119,36305,10675,67959,1608094,340847,4850159
18,2011,6488958,5287714,1186223,195864,401816,586773,175796,81127,57437,13835,2811,774,1894,103375,30003,13265,17055,329153,38985,12001,73211,1602751,360436,4886207
18,2012,6514516,5289905,1175331,201807,394456,590915,175378,81399,55860,15088,3769,826,2295,103726,29859,13671,17314,332503,38486,11834,74613,1598150,370761,4916366
18,2013,6541673,5287914,1163458,197252,388950,593933,171421,78603,54649,14424,3361,810,2589,104095,29581,13658,17384,340231,36917,10632,73735,1590245,365460,4951428
18,2014,6542411,5287380,1162826,200480,383423,595730,172788,78337,53854,15092,3052,687,2672,173386,49547,22757,28484,342852,37947,11444,74120,1590962,367666,4951449
19,2007,2972022,2699513,603408,72353,172154,71835,25509,13492,7096,8650,2991,1649,1190,47004,12823,3852,5686,125185,17095,4138,27979,706814,110557,2265208
19,2008,2984391,2694701,593478,69853,163178,77683,28266,13812,8422,7987,2556,1195,1106,47716,12859,4002,5837,128369,17260,3806,26338,706316,109232,2278075
19,2009,2993524,2698645,595970,74511,150442,73595,24476,11176,8346,8770,2768,1570,835,47601,12657,4019,5662,126536,16313,3181,27196,709134,112728,2284390
19,2010,3033163,2697701,595032,78926,145134,86658,30911,15608,8089,9249,2667,1339,1114,47782,12823,4348,5834,143578,18152,4719,32453,724740,124134,2308423
19,2011,3048461,2700216,590554,82309,139668,87292,29699,15766,7379,10741,3175,1427,1427,48189,12851,4527,5911,142698,16508,3868,34080,725115,131582,2323346
19,2012,3062869,2701528,586051,79432,129494,89410,29725,15836,7386,8873,2393,753,1179,48615,12939,4722,5971,150656,17136,4161,35302,723343,128641,2339526
19,2013,3076519,2702430,581911,80416,125389,92913,31376,13611,7468,9355,1957,583,1133,48950,12692,4581,5785,157824,18618,5272,33938,722859,126590,2353660
19,2014,3078116,2702199,582566,80272,125972,95894,33102,15724,7480,9096,2158,669,1011,81555,21594,7931,9870,159407,19153,5202,35290,724773,128476,2353343
20,2007,2757827,2235098,514695,60059,124276,158862,48319,16691,12383,22439,5295,1406,2450,44590,14538,6364,7745,180004,21393,5921,46497,694649,113186,2063178
20,2008,2778599,2238652,505011,57076,117782,155574,46103,16573,12933,22365,6590,1312,1835,45187,14759,6761,8096,188204,21125,4988,50155,695252,111972,2083347
20,2009,2797242,2241932,504418,56438,111978,158634,45763,16433,12074,22650,6236,1671,1790,45391,14870,7016,8218,189603,19764,4446,51588,699219,114744,2098023
20,2010,2833318,2224209,497608,58649,110686,162343,47128,19061,12185,23733,7119,2441,1740,45311,14713,7206,8305,203246,22069,5474,53944,718709,129337,2114609
20,2011,2854367,2229671,496125,62951,109967,163973,48653,21280,11857,24517,7316,3204,1712,45904,14973,7614,8675,210671,23226,7394,58550,723256,141176,2131111
20,2012,2871709,2234366,494304,66139,108118,164690,48609,19193,11790,25125,7340,2783,1803,46382,15161,7974,8834,212278,21919,6736,58132,723737,143345,2147972
20,2013,2882966,2232828,491888,67875,101319,166043,47379,18451,12182,24912,6720,2201,1563,47200,15627,8341,9225,215685,21928,6080,58553,722558,143828,2160408
20,2014,2882946,2232073,492208,64996,102902,165884,47626,18555,12519,24389,7142,2354,1671,77813,25488,13464,14844,217291,22968,6988,59534,724474,140473,2158472
21,2007,4205648,3709697,844746,180144,501914,316398,92531,38410,37670,7699,1488,341,1169,64519,16320,4981,10439,134989,20087,4418,19577,1003483,239986,3202165
21,2008,4234999,3725564,839633,178325,484544,316318,90953,40750,35945,7287,1259,459,1018,65434,16399,5234,10431,134768,18637,5119,19357,1008209,248266,3226790
21,2009,4286107,3750051,839009,189555,470470,322626,89735,40217,34467,9246,1895,995,1526,66456,16862,5648,10432,143447,18806,4919,22546,1015409,260331,3270698
21,2010,4317738,3739885,832374,189346,455214,338033,95732,44337,34362,9841,1808,929,1685,66871,16888,5940,10433,160017,21612,6223,27690,1024437,268380,3293301
21,2011,4344553,3750140,827652,201142,439258,343060,95592,46363,34814,8966,1880,945,1243,67514,16948,6352,10662,167924,22531,6578,29196,1024515,285412,3320038
21,2012,4364627,3753108,822456,201599,424340,350800,96161,48217,34359,7728,1616,625,947,67805,16679,6525,10756,168102,23627,8264,29827,1020964,288674,3343663
21,2013,4380635,3757500,815330,199839,415346,351021,93502,44116,32510,7605,1758,669,1044,68545,16706,6520,10722,169988,24396,9083,29637,1018148,284286,3362487
21,2014,4383272,3759466,816010,195042,414777,348206,92385,44267,32525,8822,1848,839,1384,113839,27991,10792,17641,174333,23829,8703,31081,1017272,280045,3366000
22,2007,4344053,2691663,597472,89580,296866,1394612,427604,204890,227623,21249,5414,1813,4843,65157,18031,6988,11411,155387,14988,2822,30964,1102206,314948,3241847
22,2008,4342582,2701035,594647,85869,285191,1371351,431395,194468,209687,23950,6529,2209,4801,64598,17691,6921,11471,156447,14170,2912,33819,1108278,300878,3234304
22,2009,4439903,2740248,603129,83785,278375,1410371,420947,184959,205623,23531,6407,2560,4649,66595,18437,7491,11914,164798,14725,2807,34776,1116376,292712,3323527
22,2010,4490487,2722853,587037,79168,265241,1435283,426210,188115,204521,28341,8340,2717,5403,68164,19209,8124,12298,182660,13980,2954,36566,1115625,292479,3374862
22,2011,4537277,2736321,586246,84619,254397,1453396,422796,196879,205451,26521,7232,2363,5316,69143,19262,8558,12545,193824,14980,3389,37641,1116805,309852,3420472
22,2012,4573595,2745353,585191,90992,246273,1467822,421914,202272,206869,27971,7546,1840,5888,69384,19152,8941,12890,193910,13810,4034,39613,1117022,322780,3456573
22,2013,4600933,2749628,580833,88965,243723,1479817,419891,202805,205615,27988,7205,1942,5499,69375,18813,8931,12838,196514,14639,3889,41128,1114264,322500,3486669
22,2014,4601049,2748849,580919,87608,245775,1476584,420256,201433,202369,28458,7105,1854,6113,115436,31634,14912,21279,200903,14893,3912,40666,1115068,320702,3485981
23,2007,1314780,1245307,253640,43665,95273,14741,6533,2956,559,7464,1683,828,1136,19034,4207,986,1867,52811,7126,2802,7586,279811,52022,1034969
23,2008,1315069,1243049,251111,42677,90526,13949,6140,3173,789,7401,1975,742,1074,19090,4094,965,1817,54642,7323,3078,7872,279069,52076,1036000
23,2009,1318435,1243028,246974,40452,86465,14715,5934,2725,1403,7449,1762,637,1017,19049,4096,1022,1840,55958,6951,2426,7664,275902,51060,1042533
23,2010,1329222,1256188,250488,42859,85272,14646,5746,2924,1222,7547,1637,689,857,19219,4015,1011,1782,57726,7036,2401,7038,277365,52413,1051857
23,2011,1328387,1254657,246340,43834,82960,15612,6512,3127,1261,7686,1815,668,494,19734,4062,1097,1820,57833,7181,1907,7056,273896,53860,1054491
23,2012,1328440,1253101,242202,44651,76701,14489,5748,2807,1124,7988,1689,648,433,20080,4072,1174,1873,56536,6689,1991,7468,270004,55027,1058436
23,2013,1328217,1250392,236989,42361,70956,14814,5681,2856,1529,8240,1808,656,731,20086,3917,1125,1779,56411,6810,2462,7688,264624,52426,1063593
23,2014,1328535,1249855,237452,43073,73206,15737,6388,3263,1351,7565,1672,774,665,33192,6568,1880,2973,57745,6751,2698,7247,265424,52893,1063111
24,2007,5597843,3278679,711163,45032,227597,1611982,442806,90484,159290,14194,2973,480,1824,87475,27014,10416,14740,728670,71313,10160,102783,1367327,156525,4230516
24,2008,5618250,3263550,699216,43890,212629,1616971,427067,81851,150332,14061,3243,270,1435,88771,27380,10954,15150,747282,70569,8789,108128,1353887,149774,4264363
24,2009,5664122,3233321,678514,45855,199011,1638852,430017,82818,142529,15296,3716,248,1894,89503,27757,11861,15784,773967,71968,8630,119634,1358091,159015,4306031
24,2010,5733779,3159998,637216,42975,189377,1683284,445557,92732,140600,17435,4248,371,2639,90672,28321,12680,16345,840486,73885,9605,138546,1355538,173558,4378241
24,2011,5781451,3158798,627171,43547,180342,1706781,441857,99177,136390,17288,3906,521,2834,91861,28352,13240,16795,854501,75740,10677,141459,1349928,186113,4431523
24,2012,5837378,3161062,618503,46291,173791,1719289,435785,102991,134003,17444,3574,462,3450,92986,28379,13607,17046,876689,74681,12493,143742,1346759,193312,4490619
24,2013,5884640,3156731,608811,48393,164574,1735613,433599,103343,128965,15946,3407,529,2233,93738,28107,13746,16989,888875,73702,12588,143730,1346178,198186,4538462
24,2014,5887776,3150839,609350,47039,168073,1740466,435301,101321,129004,16698,3532,542,2425,156038,47543,23067,28447,901371,74953,12310,147938,1348767,194117,4539009
25,2007,6437759,5118603,1056215,83946,343441,387851,115949,35142,39727,14013,2310,687,1682,101532,31265,13102,17652,960818,75460,13443,190163,1450676,202903,4987083
25,2008,6469770,5110038,1031888,76612,319210,397250,113715,31279,42680,13789,2487,607,1766,103267,31928,14159,18589,966750,71704,11166,191560,1440101,193657,5029669
25,2009,6545486,5139746,1013086,74355,305728,408932,116307,31556,44494,12166,2601,564,1873,103734,32021,14785,19126,985655,75234,14222,197936,1440251,195027,5105235
25,2010,6514611,5005896,971042,73074,284614,438969,123459,35273,45666,13033,2743,777,2083,104978,32501,15583,19670,1019607,76328,14230,196721,1423926,201641,5090685
25,2011,6553538,5005611,955897,80140,277289,443574,122680,37416,45751,12914,3040,1284,2182,107539,33389,16853,20885,1029314,71099,15242,198746,1414563,216689,5138975
25,2012,6605468,5003052,941427,82968,268025,456076,125251,39936,48543,14485,3324,1510,2036,109955,34507,18343,22229,1045311,71705,15790,199404,1410240,226670,5195228
25,2013,6648138,4993245,920759,86316,257853,468887,125100,39483,51647,13991,2999,1324,1795,111755,35043,19301,22959,1072442,73527,17203,200521,1400354,232732,5247784
25,2014,6657291,4991630,920955,81487,258718,467430,123518,38899,49234,14598,3327,1262,2044,184342,57670,31116,37287,1078247,74412,17940,201664,1402080,226835,5255211
26,2007,10094027,7835627,1751085,230121,575991,1420519,438224,194805,165497,51217,12271,3289,6472,155829,43528,14902,21529,666624,76154,19382,119414,2478146,501429,7615881
26,2008,10045697,7798670,1727251,235665,545209,1391826,409796,177889,158159,51536,12544,3592,5534,156187,43328,15277,21166,650392,69908,17518,116540,2438873,495554,7606824
26,2009,10007685,7741038,1685449,247545,535710,1397037,401691,181831,154837,51894,12787,4075,5710,155744,42728,15717,21411,657551,69654,18660,121093,2396084,520973,7611601
26,2010,9908690,7603235,1637674,253037,496892,1391769,396611,180934,142930,55575,14917,5025,5506,154727,42136,16173,20900,642091,68658,19138,113305,2373913,533967,7534777
26,2011,9884973,7565117,1600561,265554,494651,1392164,386830,188471,141842,54679,14969,4944,5192,154471,41257,16707,21282,647419,66467,19132,114400,2330713,558767,7554260
26,2012,9879277,7540277,1571608,275375,471279,1391994,378001,188320,136606,56134,14614,3947,5476,153729,40248,16838,21095,650736,66896,20025,114150,2297616,571702,7581661
26,2013,9884242,7527110,1547659,272025,465713,1382368,367259,188079,136400,53091,12979,3252,5225,153956,39700,16874,21174,669218,67816,20539,115343,2267083,568181,7617159
26,2014,9889024,7527543,1547880,265629,459742,1382334,368852,184165,134968,54254,13711,3796,5116,256029,66295,27699,34643,670071,68837,20629,115660,2272771,556847,7616253
27,2007,5155388,4430249,992234,78428,221684,223126,78553,34316,21683,54553,16628,5744,5670,79779,21710,5382,8458,363557,51906,13663,67691,1260740,158691,3894648
27,2008,5181962,4431922,974822,77721,207883,232026,80384,32930,23271,53293,16232,6244,5859,80950,21956,5621,8493,372001,50073,14925,71488,1253484,159869,3928478
27,2009,5229330,4443632,964886,80300,197972,231577,78321,33027,24046,56631,17371,6497,6014,81552,22007,5948,8746,381885,53495,16563,72379,1261363,169125,3967967
27,2010,5279601,4401492,949258,80786,189502,265072,92927,41042,28216,56784,18437,8684,6054,81898,21963,6310,8801,408416,54236,19898,80218,1282122,187208,3997479
27,2011,5312239,4412896,940783,84214,183317,266483,91113,43314,28767,58229,17753,9116,6430,82948,22006,6721,8907,411090,49796,17257,80579,1278807,199470,4033432
27,2012,5345721,4418500,931911,80844,171397,274960,92666,45129,29370,56849,16922,8700,6052,83553,21759,6842,8888,423457,48955,16549,81495,1276834,197396,4068887
27,2013,5382376,4425537,923402,79634,163654,289931,97957,46102,30517,55417,17136,8663,5974,84396,21844,6908,8830,431883,45224,13771,82949,1279880,195353,4102496
27,2014,5383661,4422589,923331,79183,167072,286986,97097,47160,29334,56890,17160,8331,6157,139721,36069,11242,14591,434826,48222,15739,82725,1278954,195409,4104707
28,2007,2906118,1719302,388152,59847,199974,1072709,338099,160603,175843,12932,4034,1179,2087,43872,11883,4412,7299,64775,7408,1757,13013,765120,231266,2140998
28,2008,2918790,1717744,385394,59674,189287,1082259,335876,160923,173545,14177,5022,1586,2091,44243,11725,4394,7286,68905,8995,1834,13995,764555,232280,2154235
28,2009,2937976,1717163,384856,61478,176950,1093210,336331,161749,168232,13991,4591,1961,2014,44365,11694,4512,7391,73355,9140,2364,15514,766710,236928,2171266
28,2010,2958873,1722754,376001,65078,170562,1096378,335539,164222,166774,14422,4164,1639,1896,44493,11678,4759,7398,79508,8829,2162,18080,759111,244574,2199762
28,2011,2969120,1720426,372616,65057,171176,1103173,332188,162928,164313,13920,3899,1416,1964,44824,11712,5111,7703,78893,7709,2430,20456,754840,244907,2214280
28,2012,2977179,1718462,369634,66848,167739,1117569,331251,166056,160509,12861,3827,1252,1719,45117,11756,5306,7678,76278,7782,2427,18117,749520,250341,2227659
28,2013,2985181,1719197,367306,67099,166038,1119384,324111,166739,155755,12755,3994,1728,2302,45293,11624,5333,7542,78625,7732,2513,19689,742334,253952,2242847
28,2014,2984345,1717817,367084,66254,164437,1115608,322537,163958,158590,13469,3973,1438,2231,75251,19441,8771,12528,80504,7611,2241,18911,742343,249012,2242002
29,2007,5834644,4811724,1093665,164411,442916,654882,202239,87119,77247,22844,4960,1578,2916,90974,24446,7869,13037,231750,33988,7681,39756,1427416,285520,4407228
29,2008,5874327,4834881,1082646,161586,423468,649375,195435,80968,74596,22434,4826,1410,3416,92153,24636,8062,13094,232869,29448,6710,40444,1419441,280864,4454886
29,2009,5951247,4872775,1085954,171791,403910,662877,195587,77397,74104,22923,4649,1303,2926,92583,24701,8310,13020,243553,31557,7998,40228,1434520,290053,4516727
29,2010,5960413,4836318,1065223,179097,390663,686520,202638,79660,72939,23540,5319,1535,2759,93076,24631,8735,12999,258797,29427,7559,41405,1425412,303510,4535001
29,2011,5989163,4844434,1056304,185642,383497,689722,195635,81369,71628,21766,4589,1100,2235,94259,24646,9328,13359,269167,28746,8220,42164,1417446,317998,4571717
29,2012,6009025,4848685,1047348,187001,371626,695605,195561,84797,72448,24344,5336,1311,2469,94917,24239,9500,13599,269557,26908,7890,43418,1411371,328773,4597654
29,2013,6026255,4852990,1038657,192917,350654,689519,187594,83477,66726,23952,4659,1325,2933,95377,24118,9605,13321,270967,28629,7906,45894,1404567,333736,4621688
29,2014,6028083,4849630,1038411,189333,354152,694960,191265,83815,67173,25291,5243,1175,3071,158159,40050,15652,21818,270121,28177,7492,44326,1405515,327137,4622568
30,2007,946812,838885,183304,27805,53364,6135,2601,753,623,54211,18612,9149,6289,13662,3479,1004,1400,24651,3534,461,2875,222351,41826,724461
30,2008,956496,841553,181882,29244,49320,5754,2355,868,277,58390,20360,9330,6466,13882,3507,1030,1435,25866,4226,867,3222,224215,45149,732281
30,2009,966751,848044,177160,31436,46363,4311,1349,389,213,60105,20691,8279,6537,13830,3487,1074,1432,25040,2900,540,3326,221448,47401,745303
30,2010,983763,866150,180567,32540,43602,3139,1096,542,49,61606,21021,8437,6631,14217,3550,1145,1414,28128,3656,892,3616,223637,48513,760126
30,2011,991049,869050,178386,30988,42987,4125,1407,527,150,63717,21728,9357,6381,14668,3511,1165,1423,27939,3363,978,3544,223179,47515,767870
30,2012,997852,872847,177633,30455,40602,4522,1851,618,244,66012,22499,9608,5940,15282,3713,1280,1462,25829,3578,978,2329,223343,47531,774509
30,2013,1006086,877179,177593,31382,39147,3329,1438,185,142,67628,21784,10392,5862,15441,3748,1330,1445,26727,3280,759,2269,222960,48570,783126
30,2014,1006370,877849,177719,31497,40240,4696,1794,413,372,66517,22767,11033,5804,25517,6202,2206,2441,28231,3671,833,2550,223941,49366,782429
31,2007,1764131,1489312,344455,37120,73716,75800,26170,12534,7025,14799,6050,2499,2241,28073,8808,3482,4178,111996,15349,4627,31929,451017,73973,1313114
31,2008,1770896,1491082,341330,37561,69625,74381,25352,10181,5677,14467,5773,2782,1999,28359,8802,3529,4185,113052,14811,4514,33563,451019,71985,1319877
31,2009,1782832,1493511,335659,36838,70531,77327,26115,11550,5776,15673,5729,3349,2043,28434,8661,3543,4228,114000,14204,4156,34496,446831,74548,1336001
31,2010,1813164,1497512,333864,37860,67246,82498,27664,14218,7639,15747,5671,2688,1628,28548,8740,3782,4387,120526,14477,5080,37751,454381,78134,1358783
31,2011,1828488,1501719,332356,39622,61906,81864,26429,12645,6949,17716,6454,3342,2330,29038,8880,3958,4578,123063,13658,5523,40098,457430,82975,1371058
31,2012,1842480,1505034,331512,39351,55786,84912,27741,12529,8500,16749,6132,3011,1631,29423,9020,4064,4580,126676,15667,6679,41549,461735,84057,1380745
31,2013,1855209,1507038,329735,38885,54170,86417,27941,11815,7754,16591,5973,2722,2026,29885,9175,4215,4654,128252,14279,4653,43736,461855,81701,1393354
31,2014,1855617,1506969,329978,40377,56307,85425,27944,13228,7583,16066,5956,2899,1550,49635,15292,7075,7825,128491,14652,5371,43078,463167,84151,1392450
32,2007,2488917,1466826,293704,29090,96654,181771,56295,16315,13929,30060,8441,2515,3285,44865,21723,16352,17749,487752,45075,11259,138704,642684,105101,1846233
32,2008,2546235,1472553,291202,27994,92582,189412,56904,14614,14861,32719,8916,1922,3176,46322,22456,17016,18357,514530,46812,12208,144978,656136,104857,1890099
32,2009,2608873,1471947,290980,28914,88671,196277,57016,16260,15868,31456,9614,2296,3142,47269,22978,17634,18908,532726,45641,12991,150477,675800,114489,1933073
32,2010,2680981,1467571,267587,27120,88338,214187,59814,18468,16194,28865,7670,1678,2994,48136,23525,18344,19521,548863,43115,12155,150771,664958,126220,2016023
32,2011,2704091,1462236,262151,31559,84417,219192,60467,21124,16445,28666,7316,2311,2805,48810,24158,19408,20506,551809,39448,11425,155193,664523,141904,2039568
32,2012,2727571,1457768,257376,34822,82955,222641,59838,21712,16621,29941,7107,2586,3157,49233,24532,19871,20832,555009,37501,11291,152082,662434,151831,2065137
32,2013,2754148,1453371,252795,35806,80135,230046,60792,22126,18552,31201,7481,2522,3367,49141,24317,19774,20680,561303,34245,10332,153859,659959,151561,2094189
32,2014,2761584,1455238,252858,33559,81274,229465,60871,23026,18114,29753,6877,2445,3212,82156,40602,32847,34396,562853,35169,9948,151886,660701,150827,2100883
33,2007,1310254,1223792,269914,25055,83684,12543,4166,1530,952,3667,779,375,397,19667,4839,924,1830,81117,7957,1778,10145,299444,29972,1010810
33,2008,1312298,1222146,266542,25824,77979,11342,3686,1083,623,2913,604,250,375,19849,4830,1060,1925,77055,6891,834,9599,298568,29924,1013730
33,2009,1321263,1226293,260472,24921,73740,14323,4756,1476,937,2957,585,22,816,19987,4839,1133,1933,76750,7088,550,10633,294396,30841,1026867
33,2010,1316255,1216921,256349,24197,69414,14866,4779,1510,943,3102,665,45,684,20031,4730,1124,1874,79693,7459,640,10933,291309,30744,1024946
33,2011,1317033,1214932,250328,25160,65780,14378,4179,1623,1330,2919,693,131,567,20332,4685,1199,1940,81389,7245,767,10851,285557,32604,1031476
33,2012,1318455,1212934,244820,27203,64508,15130,3959,1668,1478,2781,480,152,348,20541,4573,1214,1981,82279,7779,1182,11194,279515,34580,1038940
33,2013,1321050,1211882,239758,26931,62233,15304,4413,1141,1843,2889,612,131,393,20737,4605,1280,1961,84389,7513,936,11998,275806,34521,1045244
33,2014,1321069,1211362,239629,27267,62095,16103,4341,1446,1567,2599,406,65,400,34330,7567,2049,3214,84843,7744,1079,11601,275571,34748,1045498
34,2007,8669815,5420111,1163161,65900,371227,1180155,334203,87160,129089,18344,4401,426,2700,143297,56179,32086,38090,1768814,128747,22509,319636,2079900,258625,6589915
34,2008,8658668,5374154,1135691,70246,345682,1172357,321699,80586,124922,19680,4365,839,3498,145631,57256,33696,39596,1790886,130427,21010,319983,2059564,257455,6599104
34,2009,8669060,5332214,1108713,69984,324877,1180040,318895,85034,119960,21621,5060,1115,4182,146394,58113,35203,40557,1800066,130321,21019,319691,2056375,269992,6612685
34,2010,8756104,5245292,1084159,75390,301285,1184082,316198,88679,117475,21761,5621,1416,4175,147762,59452,37075,41973,1895309,139667,23687,330570,2069462,293110,6686642
34,2011,8792116,5204136,1058166,75947,291536,1184765,311359,88920,113662,21208,6035,1738,3040,149417,60575,38967,43762,1922333,132992,25475,338635,2057685,307701,6734431
34,2012,8834249,5169134,1034722,76720,276278,1191914,303730,89197,112126,18964,5888,1608,2095,150785,61200,40115,44907,1944596,131336,25383,341580,2043983,315041,6790266
34,2013,8867909,5133201,1012980,77736,268166,1201760,301129,93592,110351,18012,5641,1813,2271,151642,61623,41035,45490,1969432,130799,27656,346728,2035402,328411,6832507
34,2014,8874374,5130116,1013578,79077,265297,1203352,303441,92828,108490,17676,5013,1686,2526,252241,102604,68109,75375,1975471,129405,26213,341522,2035923,328906,6838451
35,2007,1942847,818832,144644,19258,42945,41724,14116,4057,3341,178116,54953,23426,27087,39115,26033,23369,23914,199841,23431,10715,72676,494931,137284,1447916
35,2008,1962226,821024,142644,17528,41851,44017,15280,4803,3666,178980,55658,23859,25865,39355,26157,23550,24134,208117,22775,9735,76802,498285,133922,1463941
35,2009,1988385,818563,144326,17527,39666,44981,13875,4769,3118,187375,58520,23689,26647,39561,26260,23765,24364,212664,22640,9275,79491,507012,138229,1481373
35,2010,2037799,833447,138689,18040,38703,40713,10266,4167,2997,191088,59895,22775,26044,40153,26780,24317,24880,221081,22313,9426,82144,516678,146159,1521121
35,2011,2061645,834464,137022,18839,37213,41711,11159,3365,3186,194070,58592,22810,24537,40892,27106,24722,25156,228442,23873,10121,86879,517531,155151,1544114
35,2012,2076325,832963,133950,19622,37444,41753,11647,3588,3146,195215,59183,24670,23597,41442,27316,24966,25343,224725,21725,9306,84053,515693,156898,1560632
35,2013,2082250,826876,131473,19270,37552,43238,11427,3731,2620,191967,56717,25248,23282,41597,27350,25016,25302,228812,21814,9082,81528,510031,159183,1572219
35,2014,2080074,825394,131455,19089,36141,42036,10533,3324,2862,194216,57948,24784,24184,68735,45163,41266,41882,231152,21058,9275,82934,510323,158267,1569751
36,2007,19280753,11639528,2382914,282879,820654,3005204,836122,264428,376142,67162,16517,4547,10710,310278,119038,72650,85523,4265491,282934,71378,927106,4480240,921448,14800513
36,2008,19428881,11691399,2358391,278429,786123,3021741,806952,252442,381631,69012,16512,4748,9613,313973,119962,74614,87705,4342360,280623,69138,969344,4455873,902604,14973008
36,2009,19477341,11689099,2320206,284945,756494,3045347,812498,250180,381051,62306,14986,4860,10354,315522,120622,76389,89045,4324513,275950,66860,986254,4460720,905186,15016621
36,2010,19303930,11328836,2237043,281262,703621,3024643,778234,254513,372815,67850,16836,5726,11513,318781,122845,79766,91950,4371498,271475,68957,994956,4346372,920082,14957558
36,2011,19389160,11300459,2196524,290592,680008,3030430,764467,261328,363879,65839,16015,5536,11051,325648,126018,83985,95675,4421145,264483,69728,1000146,4311705,961372,15077455
36,2012,19490373,11265598,2163189,303585,651905,3040619,751379,260513,358643,69711,17685,6228,10137,330815,128042,87071,98742,4527367,269749,80739,1020423,4285373,1004571,15205000
36,2013,19576660,11229913,2127440,312437,627958,3051096,736616,258881,356844,71043,18224,6843,10448,334340,128561,88409,99753,4559405,267333,84863,1028686,4260957,1020101,15315703
36,2014,19594330,11221831,2131051,307826,632460,3058984,740928,258248,355827,72222,18048,6410,11125,553494,213170,145970,164837,4573597,270441,82899,1026411,4269960,1007031,15324370
37,2007,8869861,6009210,1282150,159255,588809,1890268,533987,194977,245745,106494,28457,9808,22184,140222,42230,19357,28013,657350,84272,24122,160614,2164366,469469,6705495
37,2008,9036449,6096043,1293683,159798,567658,1923351,529139,186096,240919,100647,27723,9519,20728,144301,43130,20127,28824,682491,83099,22497,169399,2197748,461113,6838701
37,2009,9230696,6186763,1303928,165190,540998,1946879,524870,185577,238042,100082,27066,8790,20958,147311,44150,21165,29307,711183,85952,24675,172251,2249224,490201,6981472
37,2010,9440195,6195957,1267285,172230,515521,2018868,546581,203958,245961,105739,29579,10030,21802,149853,45344,22562,29922,779197,89304,28081,187748,2269167,534068,7171028
37,2011,9555403,6234124,1259070,181504,496647,2042290,544970,214185,240456,111335,30114,10946,22079,151922,45781,23917,30807,789432,86135,27735,192413,2277953,569262,7277450
37,2012,9654079,6262656,1247708,189372,492115,2074342,543497,219768,237320,114448,30468,12001,20559,153704,45983,24635,31100,804520,82062,26808,200529,2281491,590623,7372588
37,2013,9749266,6294511,1237550,193010,482853,2094539,537318,216806,229325,115519,30773,12384,18368,154572,45436,24462,30917,818256,77594,23242,208113,2283045,596002,7466221
37,2014,9750405,6295118,1237649,187500,475353,2091146,538729,216009,227959,115490,30359,11885,19592,257531,76281,41017,51409,821758,79252,23603,207948,2283351,586734,7467054
38,2007,637736,569734,119859,12361,43659,5587,2189,553,55,36101,13174,5430,3356,10046,2381,478,1108,20129,3166,442,1443,145457,20254,492279
38,2008,638613,572418,116624,12563,40009,5450,1564,340,142,36875,13610,5835,2644,10134,2300,481,1039,17987,3065,430,1368,140542,20629,498071
38,2009,642155,574463,118127,11792,37843,6090,1503,1019,412,36186,13139,6107,2643,10191,2324,492,1070,19177,3747,1048,1591,142619,20622,499536
38,2010,665681,594020,121995,13206,37175,7640,2235,1609,494,36138,12985,5566,2697,10312,2418,570,1004,20035,3578,1269,2276,147581,21967,518100
38,2011,674511,599652,122027,11006,36739,7066,2213,1564,703,35973,13092,5596,2876,10506,2481,613,1079,20457,3685,1522,2413,149036,19861,525475
38,2012,686244,607025,123050,10439,33970,7978,2374,1616,640,36063,12628,6126,3150,10693,2556,676,1120,22877,4193,1863,2519,151376,19865,534868
38,2013,703203,617620,126130,8385,32882,9255,2545,1658,696,37234,13892,7094,2630,10960,2580,664,1097,24551,3915,1483,2312,156622,19436,546581
38,2014,704925,618402,126828,11115,31728,10187,2795,1411,667,37970,13883,6951,2980,18348,4387,1131,1860,25229,3837,1580,2907,157785,22592,547140
39,2007,11463403,9490806,2143582,301721,793174,1345194,400258,176236,164265,22453,4545,1439,3006,178716,47457,13942,22570,458389,49884,10060,62649,2769904,541085,8693499
39,2008,11473983,9473440,2116041,297906,750559,1341637,390225,168433,157006,23563,4948,1956,3315,179854,47316,14248,22591,468381,51682,9731,63600,2752778,534799,8721205
39,2009,11530508,9486916,2091986,316198,733564,1352999,386102,172840,157665,22659,5303,1607,3371,179903,46673,14645,22139,473149,50213,11220,66626,2740844,564141,8789664
39,2010,11526823,9377224,2052004,333620,702639,1398150,403891,188203,153071,22790,4957,1813,3460,180123,46747,15746,22538,501020,53049,14044,70269,2746476,608168,8780347
39,2011,11537266,9359769,2021761,361678,691119,1400229,394773,196936,148190,21742,4477,1445,3525,181193,46424,16926,23207,508496,51521,13446,70203,2718153,655987,8819113
39,2012,11541175,9329829,1992119,363766,666018,1408686,388635,200794,143691,22250,3817,1037,3195,181336,45979,17570,23558,507576,49711,12616,71162,2687151,665407,8854024
39,2013,11557868,9314392,1965828,352158,638256,1406922,385341,196430,143738,20073,3102,876,2627,181770,45271,17555,23553,512058,46754,11262,75877,2666329,650638,8891539
39,2014,11560380,9311470,1966628,351743,643533,1409964,387329,195841,142535,21448,3970,1397,3031,302522,76021,29201,38714,520396,48030,12335,74368,2670902,650088,8889478
40,2007,3576929,2582228,555921,107098,232932,262184,79181,37058,26972,245046,77039,24932,26268,56436,17584,8463,11157,201283,23508,7430,50044,888957,224532,2687972
40,2008,3606200,2582767,555435,104543,221556,261610,76359,35183,25127,242314,73637,23202,25621,57407,17867,8700,11392,209462,22108,6777,54297,897955,224561,2708245
40,2009,3647757,2592883,554876,98550,213582,264110,77637,33590,23087,236782,70669,20557,23239,58227,18131,9097,11493,213694,21036,6672,57568,910001,219204,2737756
40,2010,3716087,2567863,521586,93051,206265,267416,76332,33071,21514,256742,82079,23785,22749,58905,18556,9708,11984,230261,23230,8232,62218,921889,226862,2794198
40,2011,3756421,2577321,519312,94869,205124,274390,78657,34958,22676,256198,82739,24244,21390,59896,19144,10347,12563,234400,25311,9420,62913,929617,234769,2826804
40,2012,3786152,2582221,517646,94031,195579,276346,77720,33432,21664,268736,87005,26753,22432,60073,19475,10857,12893,239674,25368,8138,65442,933069,238150,2853083
40,2013,3817296,2588630,518516,93920,192844,278180,76618,34722,20783,281863,92962,26571,22989,60127,19857,11290,13066,244940,22978,5643,68564,939071,236291,2878225
40,2014,3818851,2588131,518641,93825,189732,278684,77325,34239,20737,278970,89928,26834,23030,100290,32928,18566,21624,245858,24671,7369,67220,941122,236757,2877729
41,2007,3689498,2979836,607848,85568,188995,64393,20970,8707,5397,64352,19498,7099,14073,58932,19282,10215,12075,388760,44299,13670,100053,855646,161418,2833852
41,2008,3735524,3003224,604735,84826,179278,65853,20982,8716,5319,69703,22512,8554,16264,60028,19569,10578,12545,391386,39842,11295,101082,864695,162247,2870829
41,2009,3780539,3021281,597516,90808,169457,64342,19326,7834,4560,62450,20232,8171,12020,60873,20011,11079,12637,394212,37285,11444,99460,870108,169666,2910431
41,2010,3805432,2998830,578912,94075,164779,67272,19192,8078,5341,55282,17517,6735,7739,61722,20251,11465,12944,404911,37440,12477,101680,865877,179174,2939555
41,2011,3839598,3008100,571383,101096,161736,69885,19926,9340,5414,50562,14626,4635,5315,62811,20406,12001,13408,406876,37310,13815,103107,863729,193045,2975869
41,2012,3868598,3016634,565710,100784,156506,70994,19751,10031,5292,50242,13007,5090,5056,63337,20305,12121,13485,406612,36458,12859,101111,861884,199215,3006714
41,2013,3899266,3028474,561092,102094,151614,70401,19373,9156,4911,49929,13265,5251,5004,63758,20160,12074,13353,418249,35808,12489,104483,859790,199169,3039476
41,2014,3900343,3026860,561456,98481,154743,71059,19228,9220,5621,48056,12378,4748,4920,106228,33926,20315,22486,420689,36315,12143,104893,859453,195462,3040890
42,2007,12400959,10158381,2104257,239631,846708,1273907,376422,158017,152415,16927,3476,997,1957,191195,49813,16163,27296,701342,71980,14108,115077,2814447,506826,9586512
42,2008,12418756,10133933,2069635,232842,813485,1283147,371037,149706,146492,18179,5007,1184,2037,193558,49933,16961,27800,707506,66477,11100,118821,2795353,496058,9623403
42,2009,12564556,10191581,2045870,233527,780134,1308761,374776,149916,143961,17740,4379,983,2430,194338,50196,17724,27662,733034,70435,13450,121881,2799416,497380,9765140
42,2010,12662926,10106641,2009601,244838,728733,1362963,387513,155488,140687,18063,4360,727,2210,194998,50509,18965,28049,777435,72456,15501,128625,2808200,523487,9854726
42,2011,12709154,10098633,1977973,248723,689597,1372324,377589,155303,139617,16875,3618,1106,2205,197461,50823,19903,28684,797422,73151,16962,132338,2782176,545279,9926978
42,2012,12739595,10072029,1947735,254117,667032,1387722,372617,155003,137325,17578,4536,1346,2064,199263,50638,20546,29141,818501,73150,17341,140057,2759105,561679,9980490
42,2013,12759859,10034334,1911508,250418,648026,1402965,371018,156381,135203,20816,5673,1422,2706,200775,50491,20841,29197,853113,76055,19449,145378,2733325,569085,10026534
42,2014,12758729,10024896,1911710,251149,644501,1401750,374449,153156,134019,20903,5128,1561,2706,332587,83955,34613,48337,849288,75279,17740,144905,2738413,559732,10020316
44,2007,1062065,842075,163819,14422,86285,55235,17299,6999,6894,4644,1529,393,642,16935,5552,2963,4102,138418,10124,2875,41220,237823,41743,824242
44,2008,1054306,832132,156093,12767,81538,56312,17441,6419,7951,4136,958,158,743,17006,5568,3081,4233,138795,10133,2595,41871,230403,37959,823903
44,2009,1053907,825381,153717,14130,77026,59479,18387,6464,7797,3887,1202,201,555,16932,5523,3091,4158,142951,10200,2895,43134,230180,39512,823727
44,2010,1053846,811567,147488,14665,71935,63598,18817,7406,8718,4127,1375,231,636,16997,5548,3174,4160,141324,9496,2760,43319,226941,40888,826905
44,2011,1052492,804862,142469,15808,69021,64006,18648,7537,8242,4489,1571,568,534,17382,5698,3379,4321,143372,9636,2778,42355,222455,44453,830037
44,2012,1051236,797671,139027,16334,67094,64501,18156,7874,8379,3870,1090,533,523,17611,5710,3512,4402,144839,10769,3308,41396,220272,46848,830964
44,2013,1050722,790458,134481,15807,62691,65526,18816,7387,7927,4371,916,396,540,17665,5674,3568,4445,147419,11422,3523,39847,216473,46729,834249
44,2014,1053252,791586,135185,15783,64328,66640,19608,7452,7967,4758,878,475,617,29413,9561,5962,7459,145126,10337,3147,40778,217263,45996,835989
45,2007,4330933,2824042,602250,76902,282769,1241919,356421,139448,191387,12609,2447,226,2605,67330,18405,7201,11875,215832,26798,7522,40402,1051064,243861,3279869
45,2008,4403175,2870163,603503,74602,273718,1249559,346068,134345,186779,12537,2520,389,2414,69086,18791,7471,12096,218634,25511,5602,41214,1055227,238705,3347948
45,2009,4496251,2918678,610125,80425,265473,1262625,345399,138098,182221,13365,3022,810,2183,70230,19133,7969,12091,236029,28768,6693,45928,1074519,255217,3421732
45,2010,4585057,2944822,599423,85992,250384,1284319,352048,145343,176949,12729,2623,823,2341,71557,19486,8321,12151,256540,27435,7542,52926,1077159,275037,3507898
45,2011,4635405,2969224,597568,94492,249110,1295323,350454,152778,176211,14237,3114,1382,2860,72722,19455,8767,12494,257356,25852,8246,54089,1079420,294778,3555985
45,2012,4677636,2990624,595015,99614,245912,1299186,344425,151127,174285,15029,3191,1100,3081,73428,19175,8931,12820,257340,23314,7765,53979,1079083,301740,3598553
45,2013,4723923,3019181,593782,103721,243330,1304911,339158,151154,167925,15466,3678,1079,2546,73751,18951,8982,12676,261199,22197,6471,55693,1077355,307384,3646568
45,2014,4727273,3021279,594814,99405,237466,1305505,340046,150543,169387,15179,3362,947,2642,122576,31616,14885,20865,263481,22798,6703,56663,1079449,302329,3647824
46,2007,788217,680368,153802,15908,49700,7593,2778,846,748,65211,25401,13859,6972,12032,3194,836,1372,22036,4363,1535,3524,195581,34019,592636
46,2008,795757,683908,150840,16565,47508,7735,2801,751,384,67537,27416,13726,6573,12237,3130,802,1356,20743,2726,443,3748,195797,34986,599960
46,2009,804651,689383,151460,17499,43013,8315,3338,612,499,67189,25990,13983,7279,12378,3214,870,1341,22151,2468,338,3646,196887,36611,607764
46,2010,807563,687017,152217,18317,40435,9980,3932,735,669,69269,27052,14748,7723,12511,3323,916,1299,23637,3168,464,2994,200994,40099,606569
46,2011,815914,690161,151669,16847,38371,9982,4040,1413,1196,71278,28285,16610,7191,12733,3378,1054,1393,27067,4164,1392,5020,201953,39813,613961
46,2012,824391,693881,151951,15901,37208,12267,5547,2280,1628,73613,28494,16619,7320,12803,3374,1121,1401,27275,4745,1400,5250,203584,39934,620807
46,2013,834236,697198,152391,15631,34648,13616,5627,2038,1858,74022,28499,16536,7458,13081,3457,1213,1475,27951,4537,1683,6050,204951,39322,629285
46,2014,834708,697400,152456,16216,35475,13665,5285,1610,1479,73307,28612,16792,7096,21695,5764,1938,2345,28500,4692,1549,5491,206071,40836,628637
47,2007,6073646,4702731,1024152,179171,577340,1015780,304925,124776,127974,16622,3299,1338,3104,93528,24644,8704,16292,274763,36193,10242,51350,1457508,343860,4616138
47,2008,6144104,4742978,1022608,172589,547886,1015135,297780,123326,126902,15457,3884,1734,2441,95637,25240,9228,16477,282157,35808,10765,56080,1466019,342982,4678085
47,2009,6236524,4785192,1028420,174012,525061,1024034,296764,124145,123713,13341,2457,762,2057,96883,25733,9774,16429,299803,35779,11361,59255,1487333,352202,4749191
47,2010,6303437,4784760,1017767,183247,506341,1046781,302497,124631,119334,14355,2597,784,2411,97964,26019,10362,16601,322052,37849,12642,63715,1494440,368151,4808997
47,2011,6355603,4806946,1011377,194936,497735,1058945,301830,130430,116232,14884,2773,681,2827,98303,25551,10740,16854,336272,39794,14470,67580,1493501,389731,4862102
47,2012,6404240,4822301,1005066,200347,480686,1072313,300375,130779,111513,17714,3839,1066,3312,98831,25227,10996,16876,339290,39743,15734,68529,1493704,402808,4910536
47,2013,6449754,4838993,998216,199855,454625,1084869,297966,131837,112657,18562,4203,801,3398,99879,25493,11296,16680,344196,37035,13561,72027,1491249,406352,4958505
47,2014,6451365,4839347,998328,199462,460348,1080977,296586,130955,109220,18243,3783,843,3117,166641,42871,18880,27891,348798,37515,13796,72857,1491788,405919,4959577
48,2007,23385340,11293610,2451943,264061,752242,2694336,797788,278064,274736,114120,26323,7003,17148,441158,260165,214753,225239,3899995,406050,152724,1387513,6472983,1632062,16912357
48,2008,23845989,11408131,2463550,250386,715989,2742163,799570,272082,268067,115857,26908,7512,17339,453736,268518,222762,233134,3986321,390894,137033,1420674,6597541,1591790,17248448
48,2009,24308102,11460657,2466845,248826,678146,2794208,804895,269733,260784,120988,31125,9875,18016,463288,275373,229838,239832,4105338,388101,134622,1463319,6772577,1656059,17535525
48,2010,24789312,11348115,2334336,246920,652814,2917136,839249,280952,252978,127299,34410,9906,20249,473939,284021,238807,247973,4263724,389304,135309,1488863,6785975,1701990,18003337
48,2011,25243311,11417970,2323461,258080,626484,2967878,840301,284964,250111,128041,35925,11419,19904,483898,290917,247930,256942,4368459,387148,140714,1525225,6874402,1807172,18368909
48,2012,25644550,11487500,2310822,265143,610144,3029348,846759,295603,241074,125412,33871,11348,20636,493730,297908,256450,265059,4443805,374054,135707,1536199,6927116,1850888,18717434
48,2013,26049971,11559976,2312056,262875,586409,3085123,844807,298435,239342,120543,31133,10220,18453,500067,301412,260766,269106,4537904,368999,132018,1550452,6983319,1851481,19066652
48,2014,26092033,11565666,2316267,263153,588321,3090816,847952,294549,238433,123245,32329,9607,18486,833203,501994,432027,445576,4563536,370591,129944,1558858,6989852,1837819,19102181
49,2007,2576626,2130339,625315,52391,76580,27104,11293,2004,1472,30300,10324,2621,3412,41715,17571,7450,7923,223394,28656,8550,45931,799661,97134,1776965
49,2008,2663500,2186648,637329,53535,74661,29310,11878,2074,1819,31179,10548,2932,3288,42943,18036,7951,8372,238690,30001,8434,50169,825880,97618,1837620
49,2009,2725237,2224865,648086,57673,75593,29443,12535,1886,1942,31149,10049,3135,3456,43923,18439,8382,8726,237405,27674,6736,51718,849103,101783,1876134
49,2010,2720974,2196520,650554,66089,73024,29990,11572,3278,2134,30621,9567,3483,3454,45125,19244,9119,9347,243792,27256,7928,56622,854923,119063,1866051
49,2011,2772041,2226852,656248,74503,71928,30333,12779,3795,2464,31569,10413,3828,3483,45599,19159,9266,9375,247095,26550,8272,59950,868601,138405,1903440
49,2012,2814910,2254001,662260,77440,69549,30417,12018,3211,2338,31795,10435,4080,3305,46066,19216,9386,9339,254764,27590,9072,60448,880241,147485,1934669
49,2013,2856839,2280082,666564,74683,67038,31319,12199,2865,2210,31697,9411,3713,3172,46340,19187,9282,9161,259262,26000,8702,60944,888844,142956,1967995
49,2014,2858111,2280226,667030,73481,66716,30797,11652,3410,2347,31823,9602,3643,3290,77631,32496,15840,15716,260787,26700,8955,60330,888985,142320,1969126
50,2007,620589,592009,124099,17186,37958,3928,1403,299,81,1922,338,39,241,9219,2134,406,831,25737,2824,319,2906,133506,19232,487083
50,2008,620738,591227,120353,15561,35899,4658,1497,355,236,1953,300,59,447,9274,2104,424,825,27740,3056,370,2838,129704,18003,491034
50,2009,621089,590095,118677,16057,37788,4644,1537,286,219,1758,190,32,481,9257,2015,416,832,27196,2423,404,3373,128368,17964,492721
50,2010,624976,590411,119434,17385,36027,5646,1799,589,202,1315,173,26,290,9374,2000,453,811,31767,3365,388,3196,130717,19954,494259
50,2011,625717,589305,116614,17070,34918,5849,1880,775,243,1938,269,187,245,9675,2062,481,811,30240,2804,303,3527,128052,19893,497665
50,2012,626172,589243,114822,16465,32106,6149,1736,684,270,2153,302,177,166,9894,2053,506,841,31265,3075,554,3197,126242,19575,499930
50,2013,626303,588425,112586,16484,31894,6103,2221,345,803,2754,549,431,278,9897,2029,489,785,31585,3250,469,3274,124479,19384,501824
50,2014,626358,587827,112856,16971,31855,6507,1986,529,517,2295,446,325,252,16360,3348,844,1337,31610,3554,496,3303,124834,19756,501524
51,2007,7636644,5159556,1111447,94379,423985,1494291,406546,110217,191449,22317,4783,272,3463,119473,35713,14134,21315,862055,90532,12022,127984,1823626,248622,5813018
51,2008,7698738,5172110,1103616,95755,401547,1509698,399511,111754,194150,22248,5371,577,3914,122557,36673,15007,22048,877889,87733,11474,136801,1824671,253809,5874067
51,2009,7799258,5187112,1091363,101154,385554,1527800,399935,114277,191637,24688,6941,980,3526,123737,36967,15572,22269,900122,88525,12342,137849,1841202,268029,5958056
51,2010,7928022,5167416,1060557,105731,379598,1554258,405872,121936,190063,26049,6614,880,3706,125011,37380,16330,22928,974657,89451,12098,152904,1846527,286821,6081495
51,2011,8015502,5192604,1049837,106350,367010,1561094,404183,118252,178528,26097,4648,696,2877,126640,37566,17095,23540,992981,90848,14077,147140,1849683,291838,6165819
51,2012,8105120,5215872,1043033,110201,349475,1571828,397092,120993,175248,25003,3645,533,3265,129097,38212,17925,24059,1025736,90662,15186,152922,1855591,303398,6249529
51,2013,8184299,5232449,1038843,107876,334635,1581114,390617,122632,168493,23645,3872,699,2817,131011,38376,18294,24173,1042706,89210,15631,151294,1859808,305547,6324491
51,2014,8185131,5228790,1039572,107592,336104,1577755,390745,122019,168623,23653,3713,664,2905,217495,64445,30418,39933,1059777,92513,15935,159296,1861927,301820,6323204
53,2007,6371390,4847968,1022346,116745,258152,216493,65264,22127,18276,89677,24964,10368,10858,101928,33926,16767,19421,861136,99121,26453,171699,1529725,251763,4841665
53,2008,6453083,4876980,1013660,113222,244760,218470,63859,23590,17441,92691,26109,9915,10225,104263,34654,17503,20056,877136,95206,24386,175286,1539986,251266,4913097
53,2009,6565082,4919782,1007137,116324,236852,223453,63148,21120,17844,90812,24863,8344,10551,106104,35395,18299,20741,889736,94022,24612,172766,1560000,256825,5005082
53,2010,6658052,4860377,968090,118032,227707,235558,65983,23207,17566,94745,28267,9168,9849,108118,36338,19460,21786,941703,94213,25354,185995,1572766,277360,5085286
53,2011,6746806,4889969,957711,123902,224025,238125,65137,24204,18370,94503,27808,9229,9748,110676,37111,20428,22700,969160,92115,27704,193599,1578426,297143,5168380
53,2012,6821303,4908815,949186,125819,214226,243474,63743,22610,17088,92935,25729,8582,10025,112434,37406,21134,23237,1001381,90354,26779,199393,1581726,308249,5239577
53,2013,6896071,4925850,942931,127534,211545,249826,64346,22958,18179,91471,24384,7741,9268,113688,37853,21599,23556,1019524,85710,25155,202952,1587857,310314,5308214
53,2014,6899123,4922048,942864,124469,212477,248316,63871,23081,17965,93036,25287,8920,9559,189065,63152,36054,39435,1015312,86727,24977,200276,1589312,308967,5309811
54,2007,1808787,1694822,355941,91091,226368,62077,16448,7839,5405,2950,680,158,469,27548,5849,1768,4127,29426,3292,514,2495,392308,106042,1416479
54,2008,1810358,1692644,351612,82712,220926,63666,15118,6592,5831,3043,561,85,429,27723,5866,1810,4257,29064,3876,1041,2344,387292,95933,1423066
54,2009,1815283,1693522,349275,80892,215127,59691,15494,6808,4903,3336,344,71,482,27638,5767,1830,4144,29591,3594,897,2632,387134,94462,1428149
54,2010,1847352,1721672,351872,85657,210723,58468,12213,5633,5640,3042,241,52,291,27580,5692,1854,3981,29124,2877,1094,3435,388470,98425,1458882
54,2011,1852506,1723767,348576,88266,203205,57568,11821,5097,5828,3342,468,51,190,27736,5701,1934,3886,30234,2896,788,3744,385400,101108,1467106
54,2012,1854775,1723686,346870,85999,197270,60269,12867,5801,6083,2745,400,17,99,27747,5770,1974,3925,31474,2706,770,4383,385318,99998,1469457
54,2013,1855392,1720971,344452,84257,193018,61266,12982,5994,5017,3056,511,9,233,27821,5749,2046,3944,34501,3295,613,3732,383987,99319,1471405
54,2014,1853881,1718880,344341,84824,190449,61150,12926,5793,5466,3013,532,72,230,46239,9537,3306,6370,34205,3303,1030,4211,383666,99813,1470215
55,2007,5571593,4771083,1038148,94320,310400,333257,120621,59645,41212,46056,13815,5363,4525,88881,24216,7039,11244,250756,31187,9081,56132,1334289,201537,4237304
55,2008,5598453,4767943,1015905,96322,292696,332669,113556,51652,41262,46408,14238,5965,4662,90032,24303,7555,11610,263841,31068,7737,60657,1323380,196931,4275073
55,2009,5627987,4767323,997548,104856,274523,335103,112304,53083,38631,48382,14265,5787,4440,90797,24724,8154,11594,273852,29543,6874,62185,1314179,213311,4313808
55,2010,5667100,4737694,993691,112021,258844,350845,119059,58913,37470,50679,14711,5587,4370,90786,24578,8597,11758,283406,31959,6940,65730,1340698,235948,4326402
55,2011,5690898,4742086,981750,123452,251635,354566,118076,62017,38432,49522,14430,5237,3900,91484,24436,8972,11940,290611,32367,6610,65712,1333403,259535,4357495
55,2012,5708612,4739683,970362,120231,240026,355275,115906,61496,39260,50014,13806,4613,4036,91203,23871,9082,11858,290463,32445,6858,62032,1325615,257387,4382997
55,2013,5725352,4736282,955887,119444,234847,356777,114768,60618,41153,50090,13892,4947,4162,91472,23782,9100,11936,298514,33035,7164,63378,1315441,257862,4409911
55,2014,5724692,4733742,955655,117985,232238,356806,114213,58671,38716,49786,14108,5606,4528,151932,39532,15110,19559,295543,32158,7164,63478,1315222,255397,4409470
56,2007,514044,448291,99919,10762,23767,4780,1668,163,513,10633,3761,1109,840,8321,2621,1197,1433,17841,2079,491,3392,123936,15655,390108
56,2008,522833,453802,100631,11953,22730,4832,1227,619,248,11813,4934,1198,797,8574,2736,1246,1467,19275,2394,304,3899,126293,16758,396540
56,2009,533556,461728,102382,12938,21449,5273,1371,936,191,11792,4124,844,906,8733,2776,1273,1515,20107,1842,331,4803,127915,18190,405641
56,2010,556787,479049,106341,13731,21168,4119,960,537,229,13213,4760,1390,1108,8944,2885,1368,1581,19748,2446,922,3324,135040,20009,421747
56,2011,564188,484902,106751,14135,21297,4080,884,406,329,13564,4929,1646,1159,9135,2959,1491,1651,20527,3159,1244,2890,136107,21862,428081
56,2012,569380,486329,106467,15528,21236,4732,796,128,388,12808,4488,1866,1160,9330,3068,1612,1714,21530,3359,846,3161,135506,23003,433874
56,2013,575535,487516,106712,14804,20513,5606,1359,175,314,12191,4052,1396,1147,9431,3145,1658,1739,22176,3433,699,3580,137704,22443,437831
56,2014,575251,488084,107033,13851,19932,5610,1397,168,264,12405,4390,1727,1024,15608,5185,2670,2849,23288,3113,733,4115,137048,21894,438203
