"state","year","tanf.adeq","medicaid.incl","snap.incl","tanf.incl","welfare.pc"
1,2002,233.618233618234,1.00693795232048,0.605928315415451,0.160425560123626,0.00116452149414897
2,2002,1087.24674100832,1.87276918500892,0.936232491482343,0.893193221942525,0.00291403121171886
4,2002,439.611486486487,1.08237397528983,0.509877203067971,0.314800593012074,0.00140945201500972
5,2002,292.040465737736,1.19414717233838,0.688860976943259,0.183447336041173,0.00158904572517563
6,2002,750.773993808049,1.63719872788919,0.374603779535837,0.630083379196776,0.00204037491265869
8,2002,439.361527069278,0.78981220024208,0.427247042415122,0.213778995698307,0.00168774979776962
10,2002,413.674934725849,1.65427788432566,0.568586282265277,0.504449706074461,0.00213503098129708
12,2002,380.844645550528,1.00969778262608,0.480039021778714,0.174918676802026,0.00122423742373904
13,2002,378.651280201947,1.04725674917621,0.621581125540903,0.321637651908216,0.0011726337023985
15,2002,608.454312553373,1.26718813669013,0.849878953970549,0.721401791704487,0.000745675001021664
16,2002,390.250399573788,0.90946102870437,0.418273913502467,0.040869495357565,0.001343883348749
17,2002,467.509920634921,1.18150137645829,0.636032087779505,0.256134635363621,0.00170356847787048
18,2002,393.873085339168,1.17982393171317,0.670345088621473,0.636841767392381,0.00105512315578632
19,2002,594.861292124372,0.95291793042345,0.494783633900403,0.584227156930276,0.00131190387912317
20,2002,594.951923076923,0.707622831775957,0.461687446907626,0.353105914681848,0.00135280723738501
21,2002,368.875539703398,0.992948904214396,0.719934740708948,0.387774260233889,0.00190923141858551
22,2002,329.127811300055,0.976892199263427,0.694470823062719,0.179378275087664,0.00131926597903853
23,2002,620.522006141249,2.28256189717374,0.825067180022666,0.657749823178741,0.00185554774116389
24,2002,532.250789354984,1.42899020470552,0.521421307277505,0.413072234029678,0.00188815257792449
25,2002,717.381210338957,1.82496899003127,0.441775027002807,0.609628323110307,0.00140518231063142
26,2002,605.327940917883,1.15298697157477,0.704815784338262,0.513548127552527,0.00138360879916472
27,2002,682.517960998974,1.31208987719679,0.547992261023747,0.67440533911357,0.00236560595933017
28,2002,245.712083253035,1.05363740388716,0.587854992438852,0.187365328563551,0.00118256605253807
29,2002,412.35172283939,1.4276988787717,0.780217943389662,0.494617997947995,0.00189972545706468
30,2002,654.825026511135,0.59054218531821,0.473017674599204,0.345947462560937,0.00199689145263062
31,2002,504.71436494731,1.23843408227703,0.505988880245275,0.43447888091871,0.0021713870631865
32,2002,436.381875940478,0.641905549085171,0.437472292144118,0.319865449748104,0.000819482603846468
33,2002,706.325537592215,1.1239679647732,0.525496336941634,0.610337552742616,0.00257947724232319
34,2002,464.912280701754,1.23809025006232,0.483151827688403,0.446458567841372,0.00207485606903129
35,2002,578.850210970464,1.11836167181541,0.500713317046662,0.354597958016744,0.00117978811235199
36,2002,626.085069444444,1.32354390986221,0.529775246936464,0.441356776500343,0.0029044301116413
37,2002,370.774263904035,1.0160056068371,0.528279760568925,0.229339071873877,0.00197380913095493
38,2002,664.222057185295,0.726557259759424,0.49341769887761,0.396999349753382,0.0020437067261819
39,2002,520.174786165861,1.10908109861767,0.577584035887178,0.407630814935806,0.00253224826869271
40,2002,407.593523171413,0.962939342220104,0.615132200861397,0.196023224988984,0.00180661471407192
41,2002,583.262890955199,1.04014864827658,0.824015920264073,0.274528485450312,0.00203806733610001
42,2002,534.89750974081,1.09100771706007,0.588599542857669,0.456577748861418,0.0027174147276112
44,2002,697.850184749748,1.48056455344748,0.616424152055804,0.931168831168831,0.00158184426968583
45,2002,282.058337919648,1.42846170173728,0.682303040332706,0.261836006896416,0.00133588180044463
46,2002,672.30504587156,1.01591642653465,0.537904493917074,0.214077292180003,0.00156974813592409
47,2002,255.619012527634,1.81533045855717,0.749774946651699,0.584939403019368,0.00127310528904063
48,2002,260.587726879862,0.729650038466605,0.478029853775647,0.252270997015653,0.00115557692091166
49,2002,609.777015437393,0.729095301112511,0.426922200201354,0.253619738307586,0.00152147692098218
50,2002,884.481037924152,2.39623736428304,0.74717334331711,0.829333168378077,0.00191465113334178
51,2002,471.705739692805,0.800503814511851,0.516083083966154,0.282606320849054,0.00132899952114603
53,2002,661.337209302326,1.35653446709339,0.535330349539801,0.597867286236748,0.00165740162200999
54,2002,643.100511073254,0.896034860548107,0.762232825435353,0.428284926773079,0.00182795839364536
55,2002,904.407812220032,1.20229557434311,0.524066236676578,0.246675077442155,0.00223554496170594
56,2002,442.17097277614,0.902475029464636,0.420183573613972,0.0453157288371157,0.00186502326779214
1,2003,298.917378917379,0.997498669528717,0.629644367360349,0.164670375613775,0.00112008392350313
2,2003,1061.15281922412,1.80602411132885,0.943002257336343,0.655806122008433,0.0029861762983288
4,2003,429.060810810811,1.20562138343844,0.580459142738195,0.350215954930067,0.00132184423107984
5,2003,285.031494560031,1.34920491011249,0.740475025946294,0.161439504897686,0.00147375166721714
6,2003,732.755417956656,1.7206955056875,0.372204145221915,0.599852459644511,0.00198785172507637
8,2003,428.816850419615,0.833273982022693,0.479025707303895,0.229285126581595,0.00174696335903663
10,2003,403.746736292428,1.75122698955125,0.647273903444008,0.496299674267101,0.00192558906701843
12,2003,371.704374057315,0.996531156912639,0.479299173716022,0.158202504513776,0.00117283712402657
13,2003,369.563649477101,1.17175942658257,0.696418492736977,0.318408228616404,0.00116454329145957
15,2003,593.851409052092,1.34496914053067,0.78192728226353,0.577661796970355,0.000799107607907849
16,2003,401.683537559936,0.931329271148015,0.465556132967089,0.0511588807493695,0.0012973873924981
17,2003,479.285714285714,1.25421172667534,0.665731270203726,0.183335868004308,0.00137168894847556
18,2003,384.420131291028,1.14883283487994,0.727712374937382,0.609682647975213,0.00110926691569343
19,2003,580.584621113387,0.954482082931027,0.504580003258544,0.539217375126613,0.00128552131640581
20,2003,580.673076923077,0.796817783835308,0.519854346110217,0.37737491256777,0.00129454186819936
21,2003,360.022526750516,1.00150876806448,0.76556830856033,0.35996651169752,0.00184774472811954
22,2003,321.228743828854,1.04271430649328,0.756470925950581,0.165693647669295,0.0013269928220323
23,2003,605.629477993859,1.73234014382139,0.954042398046562,0.66809508204986,0.00185224651986544
24,2003,520.577356788453,1.52272566977249,0.567903142787256,0.385413822507677,0.00181662246212409
25,2003,700.164061290822,1.67348140934476,0.52053240857578,0.602437515876434,0.00128081322950667
26,2003,590.800070335854,1.16862263435666,0.754258540718736,0.489485360696588,0.00118352364263185
27,2003,666.137529934998,1.38900506069117,0.580633266929806,0.689463762553262,0.00235765822891173
28,2003,239.814993254962,1.08813104945787,0.642715721093572,0.20858546016662,0.00114648726537738
29,2003,402.455281491245,1.47231224019487,0.882707479751552,0.41839046162985,0.00181552959879369
30,2003,655.92788971368,0.626499105618343,0.543641759492642,0.388140766675644,0.00189567463083488
31,2003,492.601220188575,1.05405725227794,0.533811332121303,0.44003471028374,0.00202794911517797
32,2003,425.908710917907,0.701122750573633,0.460085335654493,0.271252944588044,0.000839283842275076
33,2003,718.097629885418,1.17635462211118,0.524472985633979,0.550868679529265,0.00256695722411066
34,2003,453.754385964912,1.1982707508174,0.502138358694305,0.426346309729179,0.00194977665673712
35,2003,500.611814345992,1.1906612519429,0.567347002177604,0.332515306571454,0.00116377918774886
36,2003,611.059027777778,1.4781990840544,0.569645172640621,0.369019215437727,0.00272499209971149
37,2003,361.875681570338,0.993412471317745,0.554375068291084,0.195129524074332,0.00195872612925497
38,2003,648.280727812848,0.75853934413964,0.523689225528469,0.40991764168622,0.00206854274278059
39,2003,507.69059129788,1.18281993989406,0.641454050801842,0.375758300232131,0.00238668350228149
40,2003,397.811278615299,0.94713387657477,0.705849053452012,0.187021718487374,0.0018644861516269
41,2003,569.264581572274,0.886141717535724,0.854364969013899,0.277925113790868,0.00177925864514085
42,2003,522.05996950703,1.13548421384273,0.627598445910088,0.455157181866887,0.00273113012796862
44,2003,681.101780315754,1.51640179673009,0.627342256753972,0.845772803048345,0.00153980168779104
45,2003,275.288937809576,1.53542165614981,0.794594956845012,0.259344296001841,0.00132183627167099
46,2003,675.756880733945,1.11169035039421,0.599524372957205,0.21994750656168,0.00157975292445611
47,2003,249.484156226971,1.6317655769006,0.886861678291704,0.614591365015098,0.00131994480198645
48,2003,254.333621434745,0.813043497505765,0.552545063687454,0.241352125037019,0.0010861025528022
49,2003,595.142367066895,0.824917281862327,0.461691777139635,0.251567587932937,0.00148575632921191
50,2003,863.253493013972,2.17649720837882,0.701435125212836,0.713980549777953,0.00189252834734304
51,2003,460.384801940178,0.895068688160067,0.579296784617617,0.247678115198398,0.00129541431457618
53,2003,645.46511627907,1.37451617226238,0.597136055118917,0.585505935069691,0.00158177412825667
54,2003,627.666098807496,0.928885732323232,0.779324494949495,0.406441304239277,0.00178050096117547
55,2003,882.702024726751,1.36158271940104,0.546997543861158,0.246880356444353,0.00225102721919585
56,2003,431.558869429513,1.06609143784494,0.470246464696518,0.0418013154393035,0.00193321060291661
1,2004,291.566951566952,1.04748971035446,0.66630972982455,0.167848696848714,0.00122617485835095
2,2004,1037.30171195225,1.75506615806413,0.881922755989987,0.574752309918735,0.00296500563213507
4,2004,418.510135135135,1.21337206434769,0.631905276338336,0.342602571679737,0.00124420522431469
5,2004,278.022523382325,1.29052971644229,0.770458432267061,0.131776169100964,0.00140803973725639
6,2004,741.052631578947,1.67982004774632,0.393021724679815,0.589365318395067,0.00190879705440393
8,2004,418.272173769952,0.845792805884989,0.518489237277413,0.23218921374566,0.0016249241020446
10,2004,393.818537859008,1.84304926562694,0.765922887386953,0.492795723913549,0.0018213244957431
12,2004,362.564102564103,0.983551225486658,0.548056597508986,0.150767994582067,0.0010397030225036
13,2004,360.476018752254,1.11697280753478,0.73640369661949,0.270884086958039,0.00112518289991837
15,2004,579.248505550811,1.38516680732508,0.75184550621778,0.512322762445766,0.000888328689817714
16,2004,391.806073521577,0.9022368992787,0.476553402276875,0.0501076714035544,0.00131271277229794
17,2004,467.5,1.29821346209576,0.727619296405291,0.161240832414084,0.0013188671845144
18,2004,374.967177242888,1.16661051162707,0.784665798002868,0.532634392441365,0.0010905691042509
19,2004,566.307950102402,0.996896033809024,0.578335069115698,0.464578481682821,0.00150863281030313
20,2004,566.394230769231,0.854496348728813,0.558825791621525,0.416241427658499,0.00124323350177562
21,2004,387.358738501971,0.984602785317588,0.792398707128539,0.337633133027932,0.00184561239991798
22,2004,313.329676357652,1.10116730324278,0.811538715123117,0.129726555373107,0.00126741347778442
23,2004,590.736949846469,1.75062186804638,0.96284847223981,0.584387676789826,0.00179423105096152
24,2004,512.070365358593,1.48389091618945,0.585355844681388,0.36569781707165,0.00171761895645445
25,2004,682.946912242687,1.64915392413642,0.573245278993095,0.559057831120869,0.00128509265671617
26,2004,576.272199753824,1.2327657205313,0.80708690710461,0.488854688173183,0.00123645162364791
27,2004,649.757098871023,1.3857269061622,0.597862369931443,0.639032956853588,0.00237997891012141
28,2004,233.91790325689,1.12635005744925,0.646285234112852,0.185688066439933,0.00113895815452439
29,2004,392.558840143099,1.51376498319477,1.04307635881841,0.421916759966624,0.00177373881741006
30,2004,473.22375397667,0.65476260441394,0.593927190680489,0.336698855198749,0.00195021073234662
31,2004,480.488075429839,1.07803127592895,0.601948007335416,0.445134127670905,0.00200796326538818
32,2004,415.435545895335,0.689314995090165,0.443452099307707,0.203117781044537,0.000986378263580186
33,2004,700.439491445613,1.1252358220901,0.519333838326092,0.489778822324867,0.00253513762575421
34,2004,442.59649122807,1.17260768194166,0.525764522178095,0.418988697605179,0.00199548375358342
35,2004,488.301687763713,1.20925824745182,0.629413870414681,0.338333844926024,0.00115567850564878
36,2004,713.793402777778,1.53797784747711,0.616445906890282,0.35898091085123,0.00267090625844746
37,2004,352.977099236641,0.989461894794783,0.612098561699902,0.171411742478968,0.0018840370729085
38,2004,632.339398440401,0.707755037339721,0.547163414118642,0.36386470452269,0.00201566610466375
39,2004,495.2063964299,1.15773629997025,0.679462879587498,0.35454246108107,0.00235792336928633
40,2004,388.029034059185,0.970778215851726,0.758760455433141,0.172710331302707,0.00171163381970143
41,2004,555.266272189349,0.885846045439165,0.878510058639058,0.274062940063962,0.00172789072205812
42,2004,509.222429273251,1.17549475610722,0.711448559209703,0.484070495757458,0.0026154936270339
44,2004,664.35337588176,1.52462053337597,0.641175919238255,0.726357935286222,0.00146282077707925
45,2004,268.519537699505,1.41279484201231,0.824255759800807,0.179837261896435,0.00115711498643305
46,2004,672.786697247706,1.14421191865272,0.63135082788105,0.203863705851046,0.0015008203579151
47,2004,243.349299926308,1.65688245554241,0.97013572846288,0.647315166619003,0.00131285798237893
48,2004,267.827139152982,0.812057081026673,0.63536783270178,0.173645509516857,0.000994582994239946
49,2004,580.507718696398,0.802428841903464,0.488822257254442,0.233937865972674,0.00150326869013602
50,2004,842.025948103792,2.26685991481306,0.760683861807856,0.737455376840079,0.00191218011934411
51,2004,449.063864187551,0.960136744725434,0.699085826595295,0.111964759470615,0.00139349036397774
53,2004,629.593023255814,1.23512105432816,0.618554858972651,0.552672420064503,0.00156068945035828
54,2004,612.231686541738,0.932319236809959,0.797560185146713,0.344326086226016,0.00177204515291035
55,2004,860.996237233471,1.39886907886104,0.569467941027612,0.268594864220649,0.00227137787589612
56,2004,420.946766082885,1.10496281546419,0.489499901392591,0.0361659175744648,0.00158734710263069
1,2005,281.766381766382,1.07357964780772,0.741717692027828,0.176008715999554,0.00122100711952223
2,2005,1000.26700172766,1.56214328351957,0.872880645938276,0.469481860573863,0.00283345903959721
4,2005,404.442567567568,1.28976241995489,0.647250658964406,0.296531362068069,0.00161986371461582
5,2005,268.677228478717,1.28749246717578,0.784807947103301,0.104933322394427,0.00139447998063326
6,2005,735.47103051747,1.66983447468676,0.412752888389331,0.57503208976854,0.00187675554026015
8,2005,404.212604903735,0.828478264822286,0.496839272618545,0.221435974893173,0.00162109956282806
10,2005,380.580939947781,1.73179157151754,0.767108158604941,0.449915618379634,0.00180976953703157
12,2005,350.377073906486,1.00869511708978,0.616151157699103,0.138369942530994,0.00100234242726158
13,2005,348.359177785792,1.08820592753529,0.731522531593983,0.185194774771442,0.00112018021990529
15,2005,559.777967549103,1.42286590688047,0.699877802438963,0.451397070264743,0.000833463477711325
16,2005,378.636121470432,0.894044898964589,0.476209324646864,0.0464315940578782,0.00123379832163447
17,2005,448.363095238095,1.34603104914123,0.772839641267454,0.173529915068765,0.00126659399785945
18,2005,362.363238512035,1.15283161035026,0.787387773339064,0.481466428118501,0.00111156605765012
19,2005,547.272388754422,0.988628557855475,0.663463945851906,0.445694687429631,0.00140689774307667
20,2005,547.355769230769,0.897412327941977,0.597146305580872,0.45726340051529,0.00122374417757913
21,2005,339.365496527126,0.971471806352711,0.804996174596498,0.313162817108406,0.00183176505737076
22,2005,302.79758639605,1.13735432128882,0.915247862447425,0.10771118289258,0.00128862084451944
23,2005,570.880245649949,1.73618604890737,0.984521678663868,0.547004331603551,0.00178662722829291
24,2005,500.045105999098,1.49336045835407,0.606624215589329,0.330519964407736,0.00170549991585979
25,2005,659.99071351184,1.62946787540967,0.591219446386566,0.519886121993566,0.00140428922007768
26,2005,556.901705644452,1.18511240132205,0.837548549472092,0.47087815816138,0.00118264619540336
27,2005,627.916524119056,1.37569663763552,0.611418898363823,0.538188053898633,0.00236464306006324
28,2005,226.055116592792,1.11849317918883,0.724043047267098,0.150139992181786,0.00104167582031971
29,2005,379.363585012239,1.43348893124506,1.07889743207138,0.387641553974077,0.00185423506895918
30,2005,493.90243902439,0.67475572453394,0.632651943642579,0.308551812338034,0.00204456900448245
31,2005,464.337215751525,1.06809914573666,0.617504597384794,0.400814300217395,0.00179224711998785
32,2005,401.47132586524,0.628603457600166,0.435896150223308,0.148157175824071,0.000940333965257899
33,2005,676.895306859206,1.09564013794218,0.528497723415147,0.485067189057291,0.00257011141904545
34,2005,427.719298245614,1.10688966783509,0.524007344349858,0.388815266366287,0.00205977189754587
35,2005,471.888185654008,1.15082859525011,0.671010180721044,0.335964530734099,0.00110000354839854
36,2005,689.800347222222,1.57556854404468,0.660553003821975,0.342697939998643,0.00273311100760467
37,2005,341.112322791712,0.969991580494121,0.629100707096901,0.146093672384227,0.00196084349839756
38,2005,611.084292610472,0.744610724692387,0.582828891947504,0.352015103275043,0.00197935858347056
39,2005,478.560803272592,1.18522124549849,0.695633475505958,0.335109115008271,0.0023551371661123
40,2005,374.9860413177,0.998390864261614,0.759644522405291,0.140496006612525,0.00173454947128471
41,2005,536.601859678783,0.804425012529304,0.852769919607219,0.275023108411462,0.00177914972937598
42,2005,492.105708961545,1.19435050880401,0.735443071005471,0.519251185650048,0.00264256114241461
44,2005,642.022169969768,1.46820926400682,0.600794373581946,0.566837776596637,0.00147901098059458
45,2005,259.493670886076,1.36172382631274,0.829114508091871,0.159056833415649,0.00115810531870773
46,2005,660.72247706422,1.08194066006054,0.605727387581302,0.188267097535966,0.00150942145116827
47,2005,235.169491525424,1.60346400254338,0.982325070569081,0.614827243542427,0.0013442990644673
48,2005,265.980985306828,0.790145203211227,0.65071120301372,0.13229390908633,0.00100148913189363
49,2005,560.994854202401,0.819348202896327,0.519852596018688,0.24431649424403,0.00143351816914671
50,2005,813.722554890219,2.06071457638154,0.736029950354033,0.618916769108395,0.00199354172091411
51,2005,433.969280517381,1.00991073967649,0.691107498631172,0.117890240169204,0.00139576561519697
53,2005,608.43023255814,1.2468090056975,0.677348236555196,0.566228644705817,0.00182920513396029
54,2005,444.065871663827,0.920981438302977,0.790935036571877,0.266569598516555,0.00186161681025321
55,2005,832.05518724243,1.41568835641007,0.595304684697611,0.236330386252892,0.00228666377286454
56,2005,406.797294954049,1.20292640544472,0.503156121031811,0.0348305084745763,0.00160578544074299
1,2006,274.415954415954,1.02902024101962,0.727080726011419,0.16495534066583,0.00124841634617712
2,2006,974.173079943458,1.5130215247131,0.858879632922742,0.376523494391497,0.00287956523665606
4,2006,393.891891891892,1.24888337507864,0.635520776940608,0.260670558526382,0.00129949396129276
5,2006,261.668257301012,1.30415008918964,0.794938875322456,0.10020740276947,0.00137778767617469
6,2006,716.284829721362,1.67391529427506,0.415460245353472,0.559517690168242,0.00191326193058791
8,2006,393.667928254073,0.760971774520457,0.473968215461638,0.205438282254431,0.00166527473746009
9,2006,555.312737787247,1.62161687770296,0.768974982813178,0.394816653866076,0.0019025363307569
10,2006,370.65274151436,1.65585746570663,0.739903445479732,0.397920604914934,0.00191496109091796
12,2006,341.236802413273,1.00158236224655,0.636062515646409,0.115435871779167,0.000914960096628033
13,2006,339.271547060945,0.992903754006857,0.713779970387704,0.122406030331598,0.00117403772576069
15,2006,545.175064047822,1.4744648498098,0.675372083617057,0.408243306716768,0.000857375424100847
16,2006,368.758657432073,0.923046551178949,0.467166334789037,0.0433295972078373,0.00119815321604411
17,2006,440,1.23754044467234,0.795161243213246,0.157763414702477,0.00121363285027132
18,2006,352.910284463895,1.11515689333757,0.770759141121299,0.4286330154708,0.0010851414692312
19,2006,532.995717743437,1.13209190884887,0.704794447832902,0.400614120790381,0.00147896704575983
20,2006,533.076923076923,0.87959183891459,0.586641301689064,0.431737151708732,0.00122659825665397
21,2006,330.512483574244,1.00557025105464,0.842620740424298,0.298468984886188,0.00182391529550299
22,2006,294.898518924849,1.19879785468405,0.984058748360163,0.0814177051828238,0.00173423062334004
23,2006,555.987717502559,1.68887630642435,0.982962570801914,0.500262086206201,0.00178114050725446
24,2006,495.083446098331,1.48158233033092,0.653233172125695,0.292593871708665,0.00163004443101787
25,2006,658.374864572048,1.65867162672232,0.684645281803475,0.469232560204083,0.00132738941913082
26,2006,577.823105327941,1.15630913055018,0.856536222081315,0.455866707314797,0.0011440014391283
27,2006,611.53609305508,1.29101313461547,0.582357171535343,0.449899039755901,0.00232062518917231
28,2006,220.15802659472,1.02236241909412,0.732505022872887,0.119091527570375,0.000758077325887057
29,2006,369.467143664093,1.18567515684886,1.05696286815405,0.348740097921077,0.00175442376030605
30,2006,524.962884411453,0.656618590285674,0.636713251231399,0.251700104165784,0.00202499553309809
31,2006,452.22407099279,1.05135849808361,0.611352232152739,0.369146983357504,0.00181766874580272
32,2006,390.998160842668,0.625444279708349,0.422637686388405,0.11505733905418,0.000962278001974701
33,2006,659.237168419401,1.11573335642051,0.562796567558298,0.459383566223173,0.00261005427118275
34,2006,416.561403508772,1.17791990984884,0.541637274227122,0.3772179962825,0.00214725018694964
35,2006,459.57805907173,1.12382214818033,0.67709218307657,0.316712003512481,0.0011392380894461
36,2006,671.805555555556,1.54718549826706,0.667936780068046,0.324978864922315,0.00282629406840639
37,2006,332.213740458015,1.02096293142369,0.65864142443403,0.123711448654661,0.00197982509208733
38,2006,595.142963238025,0.770434549638553,0.611077355863765,0.342662480796206,0.00202109727584144
39,2006,512.30940870212,1.18076457256203,0.711091404828351,0.312964311458287,0.00232731238763134
40,2006,365.203796761586,1.01843995763519,0.758662837420392,0.107935332632254,0.00181571378065654
41,2006,583.952662721894,0.799749553779607,0.872821158082619,0.261163515141678,0.00176048283038034
42,2006,458.776893105201,1.15994546154299,0.74801918022481,0.488660056934005,0.00260550568483842
44,2006,625.273765535774,1.48514890748305,0.580521077051196,0.521636027412161,0.00162950334883456
45,2006,295.872317006054,1.20646215187801,0.817475370657767,0.148865335248521,0.00105705355802723
46,2006,652.477064220183,1.03962220608298,0.595259589082937,0.181575261500561,0.00162491356251404
47,2006,229.034635224761,1.37384215572707,0.944080731302035,0.560471042511119,0.00145426535782976
48,2006,259.042350907519,0.773508835743471,0.674148268775232,0.102312377045217,0.00111948077901044
49,2006,546.360205831904,0.783595808566701,0.504599699736503,0.191737548121086,0.00140374150469597
50,2006,715.369261477046,2.0327193898204,0.76182436031276,0.577859116265156,0.00202300680897004
51,2006,347.67987065481,1.01386713204385,0.701744471914625,0.107458610261932,0.00154222579508759
53,2006,592.558139534884,1.20047020386254,0.691328713016931,0.50588250753957,0.00175105340737237
54,2006,432.481544576945,0.979961980356174,0.826356032247739,0.23471955204833,0.00188790507306902
55,2006,756.165561727289,1.44894693107092,0.629068053660522,0.203616435909502,0.00221916749272521
56,2006,396.185191607422,1.20705571824402,0.477393599558771,0.0322512379904347,0.00144397342766217
1,2007,264.615384615385,0.946189054464626,0.718068945561679,0.154975530179445,0.00125469643733368
2,2007,939.381184231192,1.38385973996088,0.808034173282706,0.317899178325561,0.00292868290282
4,2007,379.824324324324,1.26786523137791,0.629388600269925,0.232527193812849,0.00126316430519095
5,2007,252.322962397404,1.27083901528745,0.778763675139187,0.106752390408742,0.00137826089668032
6,2007,690.703228659885,1.73577207125793,0.438713434835199,0.649241121202104,0.00197544103375305
8,2007,379.608359387856,0.735135468695551,0.455018004413985,0.146607895745496,0.00159309495721696
9,2007,535.480140009131,1.6234229382203,0.773518098683037,0.365546929536945,0.00103780486072641
10,2007,357.415143603133,1.61814239168721,0.739531965480803,0.269702276707531,0.00190870126167569
12,2007,329.049773755656,0.915061315545939,0.551148297336809,0.103420901376069,0.000900190855915374
13,2007,327.154706094483,0.903498204022189,0.705206517035252,0.0869987868080321,0.00116145299401673
15,2007,525.704526046114,1.61245886584526,0.762131918403442,0.397449311427198,0.000830087735998219
16,2007,355.588705380927,0.956889642898032,0.453106297942318,0.0356043956043956,0.0011404997767979
17,2007,424.285714285714,1.32926308553948,0.817503923874538,0.130735003501544,0.00125159810498657
18,2007,340.306345733042,1.09567364113101,0.759711567449509,0.420338923768385,0.000919852797392366
19,2007,513.960156395457,1.11934290853675,0.727909895768118,0.39064388375509,0.00138463094528092
20,2007,514.038461538462,0.818901226513163,0.569418647120707,0.339205353707962,0.00115147782330702
21,2007,318.708466303736,1.00904630240945,0.85846044595533,0.260202475647624,0.00174861971982482
22,2007,284.366428963247,1.19589772846405,0.792803105106994,0.0780642475098485,0.00141427322952671
23,2007,536.131013306039,1.86053972447632,0.989852011030687,0.479916910951059,0.00269803963337988
24,2007,534.8849797023,1.51402336047817,0.702549581332838,0.276889908619803,0.00174749463151689
25,2007,634.861476551618,1.92810312327446,0.723843131779207,0.469307286981108,0.00135039526625545
26,2007,557.186565851943,1.16095194814304,0.879973375962966,0.386881155934077,0.00119032598848247
27,2007,589.695518303113,1.26680509682358,0.584481161798352,0.406667738305739,0.00221732674778312
28,2007,212.295239930623,0.996906151585135,0.715710266638673,0.103179122390518,0.000972420337497105
29,2007,356.271888533233,1.11382739616368,1.05698425649394,0.326256983240223,0.00178491925865236
30,2007,540.572640509014,0.636878436878437,0.623758823758824,0.196895884844182,0.00203078226949969
31,2007,436.073211314476,1.04036193164634,0.60809557415062,0.211890838206628,0.00182099241457635
32,2007,377.033940812573,0.644019959227831,0.449759709148715,0.158663722020233,0.000963546895126921
33,2007,635.692983832993,1.14211415408242,0.605078065011518,0.373061751904244,0.00267530527987234
34,2007,401.684210526316,1.24043224886456,0.56943952170174,0.325407523510972,0.00243891127340624
35,2007,443.164556962025,1.15328327395025,0.649101484022066,0.262997934493951,0.00137041935358292
36,2007,647.8125,1.56144212514917,0.696594196259619,0.300260916182488,0.00279784683807218
37,2007,320.348964013086,1.02869074682419,0.682960750173458,0.105495716430971,0.0019650463012508
38,2007,573.887857408095,0.745123849964614,0.638669497523001,0.261069235760994,0.00209646009437346
39,2007,494.012644105616,1.1703606665249,0.720051785544718,0.312652332298753,0.00233933987651856
40,2007,352.160804020101,1.06033086820844,0.720413798999701,0.0924795682554732,0.00193127803992174
41,2007,563.097210481826,0.762920855953453,0.889585412761399,0.264800372922782,0.00203728367720002
42,2007,442.392004065729,1.18390779821298,0.789309877272885,0.311366555017031,0.00262131102239758
44,2007,602.942559623782,1.54364692842508,0.640807107110469,0.486761068813346,0.00162426560898715
45,2007,285.305448541552,1.10326321323266,0.830916335875536,0.147007892370708,0.00110102547473515
46,2007,629.174311926605,1.01608536705859,0.595257385633831,0.183190891794763,0.00161431899629749
47,2007,220.854826823876,1.31547833798166,0.904430703397301,0.470627068542243,0.00171247567237469
48,2007,264.352636127917,0.795109379027426,0.61269304134227,0.0852549413440803,0.00116301784900013
49,2007,526.847341337907,0.741479500069179,0.47454611139295,0.12777004323204,0.00133824510221642
50,2007,689.820359281437,2.00473570916049,0.838906162799968,0.59031737493276,0.00211060152143361
51,2007,335.262732417138,0.986934975425732,0.70041696018887,0.277750122392223,0.00140049335130863
53,2007,571.395348837209,1.21198963390349,0.721661428002454,0.481668518331482,0.00170142836853369
54,2007,417.035775127768,0.968733824653077,0.829850755465727,0.226817222174457,0.00185453840142193
55,2007,729.159648808457,1.43613297362378,0.656481375082967,0.185173524004916,0.00211122077345151
56,2007,382.035720478585,1.26727725061095,0.497743334580921,0.032258064516129,0.00153415648396136
1,2008,254.814814814815,1.00082129616935,0.768323238514623,0.15463719763335,0.00120764208161006
2,2008,904.589288518926,1.53596950929014,0.904827695728124,0.316287132613663,0.00289310522078123
4,2008,365.756756756757,1.30929875658116,0.703102946118517,0.222180294220225,0.00121373569118529
5,2008,242.977667493797,1.28203909588433,0.784248330880934,0.108418624442902,0.00146964052178239
6,2008,665.121627598408,1.78531973656257,0.479334316128375,0.681397295850372,0.0019332008215077
8,2008,365.548790521639,0.756807670715298,0.450784626489275,0.110238564506857,0.0016205987092229
9,2008,531.791203774159,1.64801239894441,0.786743043047236,0.404010901424384,0.00194038495745863
10,2008,344.177545691906,1.6776391078099,0.803543281584004,0.342973474642237,0.00209512962943066
12,2008,316.862745098039,0.97718764555775,0.646027974617615,0.107563356001683,0.000872692325926907
13,2008,315.03786512802,0.923293255224849,0.752177189287853,0.0755584807328465,0.00106216747745992
15,2008,564.850555081127,1.765996605021,0.86260162601626,0.41903790898137,0.000834421534661019
16,2008,342.418753329782,0.934817899119802,0.528108364517999,0.0316119828815977,0.00122319925881663
17,2008,408.571428571429,1.41598322845607,0.859371662307344,0.102681165435378,0.0012355449609493
18,2008,327.702407002188,1.13283719344749,0.792944061521007,0.271817536704169,0.000983665011879784
19,2008,494.924595047477,1.19009401301719,0.79448846763398,0.374428881028999,0.00135606549268353
20,2008,495,0.837774087103378,0.584456375086078,0.286350888975613,0.00121863254297757
21,2008,306.904449033227,1.00772493310929,0.885157671951755,0.241061703937823,0.00167792321019502
22,2008,273.834339001646,1.33978384731342,1.01015994276808,0.0766489668396422,0.00162342356092389
23,2008,516.274309109519,1.82234503578906,1.05321492915226,0.466114005694474,0.00267727448915269
24,2008,530.085701398286,1.60967452850318,0.80853534457394,0.306927829087378,0.00169262796515769
25,2008,611.348088531187,2.15465772897403,0.824511926342284,0.491164364372993,0.00142518768316673
26,2008,536.550026375945,1.1907203307074,0.905447721233724,0.354665389060013,0.00114813037742296
27,2008,567.854943551146,1.28731509881817,0.61036962584702,0.333246053236601,0.00218252471887367
28,2008,204.432453266525,1.02605839563821,0.754374274609301,0.100530024536556,0.000957940014016212
29,2008,343.076633402372,1.13057822292675,1.14421770634676,0.314092037772099,0.00180654365974512
30,2008,520.551431601273,0.617599793817559,0.609504100908112,0.175884280709685,0.00209693653702222
31,2008,419.922351636162,1.05949093650972,0.615486901498864,0.228999327062125,0.00177572133222751
32,2008,399.585353619796,0.686323981900453,0.52305520361991,0.176508108317065,0.000967820755775685
33,2008,612.148799246586,1.19232059191203,0.646214669742766,0.308136572108035,0.00288541940650652
34,2008,386.80701754386,1.3092827753397,0.612159587065602,0.31431844667865,0.00219396073488585
35,2008,490.379746835443,1.3503635934465,0.682420960728495,0.259357520786092,0.00132804061408598
36,2008,623.819444444444,1.60226398320083,0.765554888735316,0.293382979401969,0.00284081022676805
37,2008,308.484187568157,1.08771872352971,0.738615924835699,0.0996022240291849,0.00198666784516941
38,2008,552.632751578166,0.748644013441347,0.675023355038414,0.251647426051628,0.00205127534036612
39,2008,475.715879509111,1.21789606845687,0.772804185624271,0.330725609190001,0.00228026755019792
40,2008,339.117811278615,1.05811412034037,0.724008466156969,0.083436293260266,0.00204051002439217
41,2008,542.241758241758,0.802121792680139,0.949455693820946,0.260687694513848,0.0021051461957255
42,2008,426.007115026258,1.27797528010648,0.836023955534879,0.26014460308774,0.00254434465112729
44,2008,580.61135371179,1.55544508179307,0.721206713405566,0.510797743755036,0.00159046704581825
45,2008,301.067694001101,1.1107938502052,0.890522841275258,0.142582682654176,0.00115639272167736
46,2008,642.844036697248,1.03953771289538,0.627667424514379,0.171530374863806,0.0015997007264708
47,2008,212.675018422992,1.33605563454623,0.953383991990031,0.400708591674048,0.00167651014843582
48,2008,263.191011235955,0.831125938428766,0.655691971366577,0.0757599803966131,0.00118836279315193
49,2008,507.334476843911,0.76134446709789,0.513259915769986,0.120042581614762,0.00135340470045661
50,2008,664.271457085828,2.19882778720815,0.894324696537809,0.478425739729963,0.00226263219545404
51,2008,322.845594179467,1.0154204357914,0.73614956391148,0.256963847261028,0.00140497855884049
53,2008,566.356589147287,1.28973205949024,0.791950471148381,0.479425740572237,0.00174633027370268
54,2008,401.590005678592,1.05849040628379,0.90140551524704,0.204227360593225,0.00187726122716107
55,2008,702.153735889626,1.50184374517176,0.725791831899882,0.194428885569662,0.00223957759451155
56,2008,367.886249349749,1.20789673821193,0.477606895386175,0.0310884057068095,0.00158186132349064
1,2009,257.264957264957,1.09310913650626,0.891246691312045,0.160562522286937,0.00117487339196206
2,2009,913.287262446992,1.84152306931874,1.09739053365376,0.351617559650166,0.00293165166171823
4,2009,295.844594594595,1.49606407299037,0.840118898332637,0.217072815983287,0.00102149826656267
5,2009,245.313991219698,1.31134087185967,0.819392241190327,0.103577301523116,0.00137880950448338
6,2009,644.582043343653,1.92752409825141,0.556966775021457,0.715996866290118,0.00188542433001224
8,2009,478.953430969228,0.985094497939519,0.539854582118134,0.109560161341561,0.00160105539846601
9,2009,536.904580733526,1.71604089016473,0.853802117266537,0.330805677708882,0.00204265348447533
10,2009,347.486945169713,1.88133351672186,0.96208089550028,0.37433812128836,0.00203908800144709
12,2009,319.909502262443,1.15538643580397,0.80158793374002,0.122106833467244,0.000816032148897817
13,2009,318.067075369636,1.17909621043541,0.887122874931538,0.0692611512311717,0.00101628261728626
15,2009,570.281810418446,1.98149869274801,0.995413760455844,0.646725270768954,0.000620697753745156
16,2009,345.711241342568,1.0343937087526,0.662599273413449,0.03161477305964,0.0012639450120152
17,2009,450,1.65714498797174,0.932187281282708,0.091254302682506,0.00123871987265739
18,2009,330.853391684902,1.23495068325168,0.834876019974789,0.335043595447239,0.000944166532192997
19,2009,499.683485384472,1.35669036845507,0.887256655792907,0.367416926881216,0.00142416305749422
20,2009,499.759615384616,0.926532611024393,0.671089278609249,0.296091317883085,0.00119294384214101
21,2009,309.855453350854,1.08745534887413,0.928421929987035,0.232779023174799,0.00152681070958263
22,2009,276.467361492046,1.45499997424154,0.932118736187027,0.0777154819520587,0.00158272941235349
23,2009,521.238485158649,2.02551593819857,1.24274722424632,0.492021749876421,0.00265534759671518
24,2009,543.707713125846,1.79488272648401,0.968193435752701,0.344898117701887,0.00166376421173442
25,2009,617.226435536295,2.3915383616398,1.00625612264694,0.492920826352812,0.00145113570420964
26,2009,545.032530332337,1.2441542816271,0.981378286916079,0.30725640170335,0.00122836475262991
27,2009,573.315087239138,1.41900672244786,0.669087213384382,0.285027978873835,0.00223110355372109
28,2009,206.39814993255,1.06196737759999,0.834901083232667,0.100805067289206,0.00103742481841542
29,2009,346.375447185088,1.21710647216883,1.28297175410626,0.29536709358499,0.00188188922863121
30,2009,561.18769883351,0.796519257384208,0.662968885574351,0.186780868967886,0.00212712100553264
31,2009,423.96006655574,1.11271663746797,0.644895536218455,0.246107511432242,0.00178036567172809
32,2009,403.427520481525,0.778344716486267,0.665867848916936,0.188184136880513,0.00091631162826635
33,2009,667.477633024643,1.39015928857618,0.77144532395192,0.395327318991441,0.00282527080712106
34,2009,390.526315789474,1.55476533743567,0.670995862765155,0.290896087030171,0.00223390728783191
35,2009,495.094936708861,1.46882174801042,0.819981688851328,0.312873462214411,0.00131234877030248
36,2009,657.161458333333,1.80606173793678,0.909422000668732,0.295109962777634,0.00283255642815
37,2009,311.450381679389,1.24798180643055,0.832452420844139,0.103268666314887,0.00188816874693249
38,2009,557.946528035648,0.921140343687676,0.724940578641095,0.273197929111908,0.00205029648815592
39,2009,508.404611379695,1.25744874101913,0.857974114364777,0.361284132179527,0.00214906905178291
40,2009,342.378559463987,1.2243039647882,0.818196917583064,0.0894024134826639,0.00206691045465232
41,2009,547.455621301775,1.00439008362157,1.12964939602326,0.31533745272785,0.00190294648294423
42,2009,430.103337286126,1.37862440650633,0.918822634936748,0.237032731634281,0.00248664796134141
44,2009,586.194155189788,1.64245535146142,0.867967590039452,0.523448186862821,0.00128590895843344
45,2009,312.052834342323,1.14729008983518,0.972636344344628,0.15738014554747,0.00114099388290286
46,2009,649.025229357798,1.13359193770394,0.712102107016007,0.173336724888361,0.00162811478791186
47,2009,214.719970523213,1.35048485391016,1.0782907554387,0.428374481214347,0.00179985518331012
48,2009,271.166810717372,0.923020265683601,0.753650043979457,0.0654145200148541,0.00118511689504602
49,2009,538.147512864494,1.05686477605543,0.661768697764126,0.149927394722347,0.00131754664756746
50,2009,670.658682634731,2.55240229416742,1.13023787883537,0.363479659848311,0.0022698314220719
51,2009,325.949878738884,1.16976634263001,0.834824568032966,0.277025971899007,0.00138148803384063
53,2009,571.802325581395,1.3746236957543,1.00729782123977,0.556444212391621,0.00171882496404062
54,2009,405.451448040886,1.13913172036099,0.983338904172987,0.219688996756803,0.0018694388010274
55,2009,708.905214119333,1.66087625294764,0.870592834124669,0.1884482363282,0.00230382101876994
56,2009,596.462632217791,1.30554297528798,0.526966624003151,0.0329413108015529,0.00175566737522909
1,2010,252.364672364672,1.09537079050682,0.992689488843733,0.17891022169424,0.0011720908293863
2,2010,895.891314590859,1.91925803818639,1.22345277915593,0.359564019643071,0.00284503039346859
4,2010,290.20945945946,1.32635226714489,1.00436896172793,0.183262087071805,0.000984858406066109
5,2010,240.641343767895,1.30838164204688,0.89863451649558,0.101414959330978,0.00147524441940369
6,2010,632.304290137108,1.82211486721022,0.613615177186927,0.725619817769988,0.0018449643456283
8,2010,469.830508474576,1.06839396674561,0.660516002879196,0.139762992575671,0.00162957354686404
9,2010,526.677826814792,1.93053713025727,1.01787607295812,0.320574207251183,0.00190939506589083
10,2010,419.530026109661,1.8743003981039,1.09515559146169,0.389859676992322,0.00174800380502148
12,2010,313.815987933635,1.09286880954454,0.948444432137849,0.121514310628287,0.000826316020433996
13,2010,312.008654886405,1.13788207140216,1.02134644221684,0.0656691216032691,0.00103162414810587
15,2010,536.549957301452,2.01975129745863,1.08810118208523,0.657451985297924,0.000485769780369231
16,2010,339.126265316995,0.94591157092393,0.872034911418119,0.0331351535577688,0.00112497818919837
17,2010,441.428571428571,1.64697205034739,0.996174431400654,0.103214326732459,0.00115702434346554
18,2010,324.551422319475,1.2229379726586,0.895529306071939,0.26676126285917,0.00088179695229925
19,2010,490.165704710482,1.36978537372137,0.96292921718708,0.377550011534786,0.0013337954249522
20,2010,490.240384615385,0.948955527044211,0.767274413470757,0.295835727272012,0.000981487896435053
21,2010,303.9534447156,1.10597923891618,1.01104581133635,0.231466582054711,0.00144100193167251
22,2010,271.201316511245,1.54216076400154,1.05915574597744,0.0816868698702355,0.00151028425658148
23,2010,511.310133060389,2.07533632819223,1.36329972524049,0.500251314568512,0.00253961529273608
24,2010,533.351375732973,1.79660316104886,1.0786492651273,0.349302081056655,0.00158420909558353
25,2010,605.46974152608,2.35189046624685,1.1181461176446,0.493913132137031,0.00144096719285951
26,2010,534.650958326007,1.31758370210669,1.17047739786142,0.340307027109033,0.00125069771715113
27,2010,562.394799863154,1.39978835563392,0.767962111018712,0.268582987563179,0.00214732859181822
28,2010,202.466756600501,1.04970094330752,0.917448240800799,0.105651664797812,0.00117266589419351
29,2010,339.777819619657,1.23504070624241,1.06180092285546,0.288410173813838,0.00182504835228946
30,2010,550.498409331919,0.922658272323765,0.814361210104762,0.202235016677643,0.00210873933196729
31,2010,415.884636716583,1.14264772690018,0.762541038502428,0.250454102719351,0.00153302415548872
32,2010,395.743186758067,0.814569422008759,0.800788392376378,0.211845157162281,0.000945538351958032
33,2010,654.763773347983,1.44056699355776,0.997639119879184,0.36615231458437,0.00269518126660984
34,2010,383.087719298246,1.55295755423119,0.767662082660213,0.277341961905228,0.00214936907142284
35,2010,485.664556962025,1.5131547904644,0.945877812209236,0.360894658897455,0.0012294161751675
36,2010,673.255208333333,1.84982689889062,1.03599060565854,0.302786747274782,0.00272042530738845
37,2010,305.517993456925,1.1966102080498,0.900939148075737,0.0891146594749573,0.00177648951729588
38,2010,547.318975120683,0.971595181867356,0.790110426534032,0.242886463289486,0.00216157668681017
39,2010,498.720714020082,1.2689289033898,0.952860320200315,0.394548752487626,0.00197131354651945
40,2010,335.857063093244,1.29476223953396,0.977337210297333,0.0949415194219901,0.00192537727155811
41,2010,551.655114116653,1.07157453783808,1.28409980876059,0.392747791341947,0.00240508245056018
42,2010,421.91089276639,1.36552384679554,1.01364522291682,0.245883873688815,0.0023106915744921
44,2010,575.028552233792,1.59909559920438,1.07973334162108,0.438603098089428,0.00125094513655491
45,2010,306.10897083104,1.10796597101052,1.02948412785539,0.159716187754982,0.00106677848868848
46,2010,655.561926605505,1.14166620911803,0.872417137941763,0.174256349185803,0.00159194722798312
47,2010,210.630066322771,1.29866873596581,1.17407435472686,0.43289663127352,0.00166547912883981
48,2010,277.752808988764,0.956425644330082,0.852017230434997,0.06837023738044,0.00108359637010087
49,2010,502.456260720412,1.01153581599265,0.795212748860561,0.161046521671532,0.00121654455748612
50,2010,657.884231536926,2.54723447328465,1.23690261007881,0.328739443552148,0.00217012659071779
51,2010,319.741309620049,1.16507716667122,0.933812341203427,0.281708557315124,0.00139503941467664
53,2010,560.910852713178,1.4565153071205,1.16882335680751,0.578895226439972,0.0016156343075419
54,2010,397.728563316298,1.15672918474911,1.07285809527404,0.226604875413039,0.0018549161951532
55,2010,695.402257659918,1.73322080053169,1.05163226476184,0.212739450022125,0.00213191865246644
56,2010,601.17565458644,1.22270607598409,0.596608832807571,0.0343796711509716,0.00155397580290284
1,2011,245.014245014245,1.07823192179566,1.05760756027409,0.18402759681034,0.00114593812405621
2,2011,869.797392806659,1.97584668275913,1.25878136200717,0.366071428571429,0.00279156463259713
4,2011,281.756756756757,1.78528809205168,0.957631147452756,0.0994149659210444,0.000953763667503508
5,2011,233.632372590189,1.47283210730473,0.91332747543249,0.0941604870176299,0.00142756129991887
6,2011,631.578947368421,2.0186602367749,0.644705827010425,0.711204539602418,0.00184566570946816
8,2011,456.146124732598,1.13478766653228,0.697216691235532,0.138974863259212,0.00160503355398403
9,2011,525.947344392026,2.10364519523199,1.0916185012756,0.285985165847937,0.00189432865096821
10,2011,330.939947780679,2.164008745114,1.27700432523495,0.405288163602561,0.00177565501559697
12,2011,304.675716440422,1.28445997757915,1.03136939587824,0.103490693542798,0.000811494768588326
13,2011,302.921024161558,1.26152397209877,1.0477905642052,0.0596144077099228,0.00101934644068599
15,2011,520.922288642186,2.19595020375012,1.11778297461175,0.579988402809097,0.000410935431580767
16,2011,329.248801278636,1.37435801533467,0.971260949726841,0.0344506630241638,0.00106348395787332
17,2011,428.571428571429,1.65309237780675,1.01647715585897,0.129952550693737,0.00113896870313473
18,2011,315.098468271335,1.26080329917157,0.912973322194607,0.186832354142891,0.000850680298285548
19,2011,475.889033699497,1.40811130382079,1.01156167897333,0.347275377456291,0.00127043612431563
20,2011,475.961538461539,1.61946287427187,0.790072832036572,0.276145128624984,0.000964604735463367
21,2011,295.100431762718,1.34887282863616,1.0229160869738,0.22349747881889,0.00144924272682343
22,2011,263.302249040044,1.55703129309787,1.06075494868431,0.0781363011422502,0.00136623297934483
23,2011,496.417604912999,3.31515108082822,1.41700337758677,0.497635352427074,0.00279781836690019
24,2011,517.816869643663,1.80966369128122,1.20410783518168,0.337754156176811,0.00156744283884189
25,2011,587.834700510757,2.43729343248102,1.15264286007738,0.471639139460096,0.00142414048774555
26,2011,519.078600316511,1.4474617323624,1.21134715777718,0.31405429842893,0.00120226503916217
27,2011,546.014368799179,1.68190175947121,0.856572281894648,0.251334494577738,0.00212058801599269
28,2011,196.569666602428,1.28328793710982,0.965173836272849,0.102729255837782,0.001145306952691
29,2011,329.881378271512,1.27750607449157,1.04635253131553,0.277688839937502,0.00170518259606312
30,2011,534.464475079533,0.98202038791678,0.893179105979785,0.189170396766764,0.00184672302791908
31,2011,403.771491957848,1.27749238879559,0.782243217271821,0.193935313333832,0.00146181884474674
32,2011,384.216686172881,0.932978824471896,0.85492696278684,0.196496561913963,0.000951647391965158
33,2011,635.692983832993,1.41347375056782,1.05134005135859,0.335718356233774,0.00258584504350986
34,2011,371.929824561404,1.52121674398733,0.881334837951676,0.277568619133155,0.00212795354944209
35,2011,400.84388185654,1.40899892283081,1.02115392673771,0.340875822181163,0.0011530414936444
36,2011,684.027777777778,1.93131610437977,1.06874623933789,0.296350004102077,0.00258987289757979
37,2011,296.619411123228,1.18900804289544,0.994614925582262,0.0779065291925554,0.00174607222483525
38,2011,475.677682881545,1.21024641021096,0.830485593116332,0.239364719228588,0.00208765374507531
39,2011,484.194867980662,1.40446041685775,0.989050188027917,0.347030754548533,0.00191610063236931
40,2011,326.07481853713,1.0382465020161,0.979687592138963,0.0873108416252073,0.00175249667000946
41,2011,513.271344040575,1.26891256059356,1.30930544236475,0.4227066102658,0.00225099800106688
42,2011,409.622225986786,1.50927522448526,1.06110877808382,0.273317568288669,0.00224020361962755
44,2011,558.280147799798,1.61739289503531,1.17221673435042,0.35264489368006,0.00130486605059551
45,2011,237.754540451293,1.18722836997117,1.02424004240552,0.144197290077122,0.00118861104216099
46,2011,636.467889908257,1.24537968724037,0.939912855639459,0.178629476222933,0.00153972070182618
47,2011,204.495210022108,1.35056812561652,1.15774934956627,0.403087514179877,0.00160843861993806
48,2011,269.662921348315,1.12735299652384,0.897418986250147,0.0629442366650165,0.00105758536498434
49,2011,512.521440823328,0.807765458182223,0.801686536783949,0.112589172376421,0.00120760586268436
50,2011,638.72255489022,2.78643991944507,1.37298426195271,0.326180703486258,0.00218990744102238
51,2011,310.428455941795,1.163617131617,0.980978577482711,0.262205365156865,0.00135981139352952
53,2011,463.178294573643,1.58645215918713,1.1987259119504,0.507682963033738,0.00158480333040356
54,2011,386.144236229415,1.24822578784733,1.05012414931915,0.238386690194101,0.00186283045969043
55,2011,675.147822970794,1.80206352329114,1.09443378800796,0.241542397546435,0.00208300466744668
56,2011,600.312120686666,1.27339724885369,0.600766986244268,0.0291780951480185,0.00151890638740107
